galaxy_name,hubble_type,b_magnitude,helio_velocity_km_s,ra_j2000,dec_j2000,ha_hb_ratio,internal_reddening_ebv,sii_density_ratio,electron_density_cm3,log_oiii_hb,log_oi_ha,log_nii_ha,log_sii_ha,spectral_class,activity_type,activity_subtype,classification_confidence,velocity_dispersion_km_s,velocity_dispersion_error
NGC 7814,S(ab),11.3,1042,00 03 14.9,+16 08 42,1.52,0,NA,NA,1,0.6,0.76,1.96,L2::,LINER,2,very uncertain,172.3,7.7
NGC 7817,Sbc:(spindle),12.4,2157,00 03 58.1,+20 45 06,5.27,0.62,1.38,62,1.56,0.014,0.39,0.22,H,H II,NA,confident,66.7,8.4
NGC 63,S pec,12.3,1172,00 17 45.7,+11 26 58,5.65,0.69,1.12,360,0.43,0.016,0.49,0.33,H,H II,NA,confident,25.6,8.8
IC 10,Im? IV,11.7,-342,00 20 24.1,+59 17 33,5.18,0.6,1.32,115,4.35,0.006,0.04,0.06,H,H II,NA,confident,35.5,16.6
NGC 147,dE5,10.3,-160,00 33 12.2,+48 30 20,NA,NA,NA,NA,NA,NA,NA,NA,NA,NA,NA,NA,22,5
NGC 185,dE3 pec,10.1,-251,00 38 57.0,+48 20 11,3.59,0.15,1.47,8,3.32,0.22,0.61,1.47,S2,Seyfert,2,confident,19.9,2.4
NGC 205,dS0/E5 pec,8.8,-254,00 40 21.8,+41 41 22,NA,NA,NA,NA,NA,NA,NA,NA,NA,NA,NA,NA,23.3,3.7
NGC 221,E2,9,-205,00 42 43.1,+40 51 56,NA,NA,NA,NA,NA,NA,NA,NA,NA,NA,NA,NA,72.1,1.9
NGC 224,SbI-II,4.3,-295,00 42 44.2,+41 16 08,NA,NA,NA,NA,NA,NA,NA,NA,NA,NA,NA,NA,169.8,5.2
NGC 266,SB(rs)ab,12.3,4682,00 49 48.6,+32 16 43,1.68,0,1.55,8,2.38,0.28,2.36,1.27,L1.9,LINER,1,confident,229.6,9
NGC 278,S(s)bcII.2,11.5,622,00 52 04.7,+47 33 06,3.84,0.3,1.27,165,0.24,0.022,0.5,0.28,H,H II,NA,confident,47.6,8.9
NGC 315,S0^-^:,12.2,4936,00 57 49.2,+30 21 06,2.54,0,1.07,444,2.05,0.59,2.91,1.69,L1.9,LINER,1,confident,303.7,10.7
NGC 404,S0.3,11.1,-19,01 09 26.7,+35 43 04,3.51,0.13,1.26,176,1.26,0.17,0.44,0.99,L2,LINER,2,confident,40,3
NGC 410,SB0:,12.3,5296,01 10 58.7,+33 09 06,0.94,0,1.34,97,0.76,0.097,1.78,0.8,T2:,Transition,2,uncertain,299.7,7.4
NGC 428,S(s)cIII,11.8,1045,01 12 57.1,+00 58 48,1.24,0,1.29,145,0.76,0.19,0.56,1.33,L2/T2:,LINER,2,uncertain,26.3,8.5
NGC 474,RS0/a,12.3,2315,01 20 07.1,+03 25 02,3.83,0.29,1.02,544,2.41,0.21,0.47,1.01,L2::,LINER,2,very uncertain,163.4,5.4
NGC 488,S(sr)abI,11.1,2233,01 21 46.8,+05 15 29,4.51,0.38,1.33,106,0.95,0.13,1.5,0.47,T2::,Transition,2,very uncertain,189.3,8.2
NGC 507,S(r)0,12.1,4924,01 23 39.1,+33 15 20,NA,NA,NA,NA,NA,NA,NA,NA,NA,NA,NA,NA,307.7,9.7
NGC 514,S(s)cII,12.5,2527,01 24 04.1,+12 55 08,4.93,0.55,1.38,62,0.41,0.052,0.37,0.22,H,H II,NA,confident,54.6,8.6
NGC 521,SB(sr)cI,12.5,5028,01 24 34.4,+01 43 49,3.06,0,1.15,314,1.3,0.086,1.19,0.33,T2/H:,Transition,2,uncertain,211.8,8.7
NGC 520,I0,12,2059,01 24 35.3,+03 47 31,4.13,0.37,1.25,187,0.74,0.014,0.39,0.29,H,H II,NA,confident,40.6,8.9
NGC 524,S0.2/a,11.6,2421,01 24 47.7,+09 32 18,3.14,0.01,0.93,773,0.48,0.14,1.54,0.71,T2:,Transition,2,uncertain,253.5,7.8
NGC 598,S(s)cII-III,6.2,-204,01 33 52.2,+30 39 16,4.28,0.41,1.71,8,1.62,0.1,0.17,0.23,H,H II,NA,confident,21,3
NGC 628,S(s)cI,9.7,632,01 36 42.3,+15 46 53,NA,NA,NA,NA,NA,NA,NA,NA,NA,NA,NA,NA,72.2,7.8
NGC 660,SB(s)a pec,11.6,823,01 43 01.6,+13 38 23,13.65,1.5,1.2,247,2.53,0.047,0.85,0.43,T2/H:,Transition,2,uncertain,128,6
IC 1727,SB(s)mIII-IV,12.1,393,01 47 30.1,+27 19 57,4.93,0.47,1.32,115,2.35,0.16,0.93,1.09,T2/L2,Transition,2,confident,136.8,9.2
NGC 672,SB(s)cIII,11.4,390,01 47 54.2,+27 26 02,3.44,0.19,1.37,70,2.62,0.008,0.08,0.1,H,H II,NA,confident,64.3,NA
NGC 676,S0/a:(spindle),10.2,1506,01 48 56.8,+05 54 30,3.68,0.17,1.2,247,10.13,0.067,0.94,0.29,S2:,Seyfert,2,uncertain,147.6,7.9
NGC 697,SB(r)bc:,12.4,3117,01 51 17.4,+22 21 25,10.42,1.31,1.4,46,0.82,0.022,0.49,0.25,H,H II,NA,confident,75,8.9
NGC 718,SaI,12.5,1762,01 53 13.0,+04 11 45,2.04,0,1.16,300,1.3,0.21,2.16,1.52,L2,LINER,2,confident,117.4,9.5
NGC 772,S(sr)bI,11.1,2454,01 59 20.0,+19 00 32,3.55,0.14,1.08,426,0.75,0.026,0.75,0.4,H/T2:,H II,2,uncertain,127.8,5.2
NGC 777,E1,12.3,4985,02 00 14.9,+31 25 42,1.48,0,NA,NA,3.68,0.39,1.79,0.99,S2/L2::,Seyfert,2,very uncertain,324.1,10.6
NGC 783,Sc,12.5,5110,02 01 06.4,+31 52 57,4.76,0.52,1.28,155,0.21,0.019,0.36,0.2,H,H II,NA,confident,101.4,9.3
NGC 784,Sdm,12.2,221,02 01 17.0,+28 50 16,2.59,0,1.49,8,4.9,0.006,0.03,0.09,H,H II,NA,confident,35.5,16.6
NGC 812,S pec,12.5,5163,02 06 50.8,+44 34 28,6,0.75,1.31,125,0.27,0.039,0.43,0.27,H,H II,NA,confident,120.9,9
NGC 821,E6,11.9,1718,02 08 21.5,+10 59 42,NA,NA,NA,NA,NA,NA,NA,NA,NA,NA,NA,NA,210.4,3.6
NGC 818,SBc:,12.4,4457,02 08 44.9,+38 46 36,6.7,0.86,1.22,222,0.94,0.027,0.45,0.15,H:,H II,NA,uncertain,151.3,8
NGC 841,RSBab,12.5,4463,02 11 19.1,+37 29 49,4.6,0.4,1.28,155,2.06,0.58,1.43,1.33,L1.9:,LINER,1,uncertain,159.2,8.1
NGC 864,S(r)bcII-III,11.5,1550,02 15 27.6,+06 00 07,3.56,0.22,1.19,259,0.25,0.012,0.41,0.3,H,H II,NA,confident,26.9,9
NGC 877,S(s)cI-II,12.5,3983,02 17 59.4,+14 32 43,5.75,0.62,1.13,344,1.36,0.052,0.62,0.36,H,H II,NA,confident,105.8,8.8
NGC 890,S0.1(5),12.4,4006,02 22 00.9,+33 15 58,NA,NA,NA,NA,NA,NA,NA,NA,NA,NA,NA,NA,210.9,8.7
NGC 891,Sb(on edge),10.9,528,02 22 33.8,+42 20 50,12.37,1.48,1.55,8,1,0.043,0.29,0.3,H,H II,NA,confident,73.1,10.2
NGC 925,SB(s)cII-III,10.5,562,02 27 18.0,+33 34 32,3.21,0.12,1.43,23,0.84,0.014,0.22,0.33,H,H II,NA,confident,71.9,NA
NGC 959,Sdm:,12.2,664,02 32 20.8,+35 29 42,3.75,0.27,1.33,106,1.16,0.032,0.34,0.37,H,H II,NA,confident,43.6,20.4
NGC 972,Sb pec,12.1,1550,02 34 13.8,+29 18 38,7.05,0.91,1.19,259,0.78,0.026,0.42,0.28,H,H II,NA,confident,102.8,9.6
IC 239,SB(rs)cd,11.9,903,02 36 27.4,+38 58 12,0.64,0,NA,NA,1,0.59,0.59,2,L2::,LINER,2,very uncertain,92.3,10.7
NGC 1003,S(s)cd,12,585,02 39 16.3,+40 52 18,NA,NA,NA,NA,NA,0.69,0.69,1.38,NA,Absorption,NA,confident,NA,NA
NGC 1023,SB0.1(5),10.3,601,02 40 24.3,+39 03 45,NA,NA,NA,NA,NA,NA,NA,NA,NA,NA,NA,NA,204.5,4.2
NGC 1052,E3/S0,11.5,1474,02 41 04.4,-08 15 18,2.35,0,1.2,247,2.01,0.71,1.2,1.72,L1.9,LINER,1,confident,215,4
NGC 1055,S(s)bcII,11.4,958,02 41 45.0,+00 26 28,NA,NA,1.5,8,NA,0.064,0.66,0.41,T2/L2::,Transition,2,very uncertain,80,15
NGC 1068,S(sr)bII,9.5,1093,02 42 40.7,-00 00 46,5.29,0.54,1.06,464,12.82,0.087,0.76,0.24,S1.8,Seyfert,1,confident,162.3,9.1
NGC 1058,S(s)cII-III,12.1,492,02 43 29.7,+37 20 30,6.53,0.75,0.92,803,3.81,0.18,1.23,0.73,S2,Seyfert,2,confident,31,6
NGC 1073,SB(sr)c II,11.5,1209,02 43 39.7,+01 22 35,4.41,0.44,1.52,8,1.44,0.028,0.46,0.52,H:,H II,NA,uncertain,24.8,8.7
NGC 1156,Sm IV,12.2,372,02 59 42.7,+25 14 18,2.43,0,1.25,187,4.48,0.013,0.1,0.17,H,H II,NA,confident,35.9,16.8
NGC 1161,S0,12.3,1940,03 01 14.6,+44 53 49,4.21,0.31,1.08,426,1.4,0.14,1.75,0.52,T1.9:,Transition,1,uncertain,258.4,9.5
NGC 1167,S0,13.3,4895,03 01 42.0,+35 12 30,5.54,0.59,1.15,314,5.66,0.31,2.01,1.61,S2,Seyfert,2,confident,216.9,8.6
NGC 1169,SB(r)a I,12.5,2342,03 03 33.6,+46 22 49,1.6,0,1.66,8,1.68,0.32,2.82,1.74,L2,LINER,2,confident,181.3,6.9
NGC 1186,SB(r)bc,12.2,2658,03 05 31.1,+42 50 05,6.37,0.81,1.13,344,0.54,0.019,0.53,0.31,H,H II,NA,confident,119.8,9.5
NGC 1275,E pec,12.3,5260,03 19 48.6,+41 30 38,4.16,0.3,1.1,392,14.88,1.37,1.36,1.38,S1.5,Seyfert,1,confident,258.9,13.4
NGC 1358,SB(s)a I,13,4021,03 33 39.9,-05 05 22,3.72,0.18,1.16,300,11.33,0.26,2.01,0.96,S2,Seyfert,2,confident,222.3,8.8
IC 342,S(B)(rs)cdI-II,9.4,-4,03 46 49.1,+68 05 43,3.27,0.14,0.88,939,0.1,0.007,0.45,0.22,H,H II,NA,confident,74.3,11.4
IC 356,S(s)ab pec,11.4,888,04 07 46.5,+69 48 41,7.76,0.93,1.2,247,2.45,0.11,1.68,0.94,T2,Transition,2,confident,156.6,8
NGC 1569,Sm,11.9,-74,04 30 49.5,+64 50 54,3.74,0.27,1.25,187,5.48,0.002,0.04,0.03,H,H II,NA,confident,44,20.6
NGC 1560,S(s)d,12.2,-194,04 32 45.7,+71 52 36,3.57,0.22,1.43,23,2.77,0.006,0.07,0.15,H,H II,NA,confident,33.9,15.9
NGC 1667,S(r)c I-II,12.7,4587,04 48 36.7,-06 19 12,4.01,0.26,1.03,523,7.58,0.24,2.38,0.96,S2,Seyfert,2,confident,168.9,8
NGC 1961,S(sr)b pec II,11.8,3983,05 42 04.4,+69 22 48,5.44,0.57,1.24,198,1.18,0.21,1.96,1.07,L2,LINER,2,confident,241.3,9.1
NGC 2146,Sb pec II,11.2,873,06 18 42.5,+78 21 26,10.24,1.21,1.22,222,0.48,0.023,0.45,0.26,H,H II,NA,confident,126.8,10.5
NGC 2273,SB(rs)0/a:,12.3,1903,06 50 09.0,+60 50 45,5.08,0.5,0.97,662,5.77,0.12,0.86,0.47,S2,Seyfert,2,confident,148.9,9.4
NGC 2268,S(s)bc II,12.2,2304,07 14 17.3,+84 22 57,4.38,0.43,1.2,247,1.47,0.035,0.59,0.33,H,H II,NA,confident,143.3,8.6
NGC 2339,SB(s)c II,12.3,2361,07 08 20.5,+18 46 54,10.58,1.32,1,588,0.32,0.029,0.7,0.27,H,H II,NA,confident,187.5,10.1
NGC 2342,S pec,12.2,5209,07 09 21.9,+20 38 10,6.19,0.7,1.01,566,0.45,0.033,0.63,0.3,H,H II,NA,confident,147.3,10.6
UGC 3714,S? pec,12.5,3064,07 12 35.5,+71 45 00,4.59,0.48,1.25,187,0.35,0.041,0.46,0.35,H,H II,NA,confident,104,9.4
NGC 2276,S(r)c II-III,11.9,2372,07 27 21.3,+85 45 15,6.89,0.89,1.2,247,0.15,0.014,0.35,0.18,H,H II,NA,confident,83.5,9.5
NGC 2300,E3,12.1,1963,07 32 21.9,+85 42 36,NA,NA,NA,NA,NA,NA,NA,NA,NA,NA,NA,NA,261.1,6.1
NGC 2336,SB(r)bc I,11.1,2205,07 27 04.6,+80 10 42,4.47,0.37,1.41,38,2.97,0.25,1.79,1.08,L2/S2,LINER,2,confident,116.2,6.8
UGC 3828,SB(rs)b,12.5,3510,07 24 35.9,+57 58 08,4.91,0.55,1.2,247,0.32,0.021,0.39,0.2,H,H II,NA,confident,73.9,9.4
IC 467,SB(s)c:,12.5,2057,07 30 18.4,+79 52 22,5.82,0.72,1.43,23,0.43,0.058,0.44,0.48,H:,H II,NA,uncertain,64.2,8.9
NGC 2366,SBm IV-V,11.4,87,07 28 54.9,+69 12 58,NA,NA,NA,NA,NA,NA,NA,NA,NA,NA,NA,NA,NA,NA
NGC 2403,S(s)c III,8.8,107,07 36 52.0,+65 36 01,7.21,0.94,1.43,23,2.05,0.063,0.28,0.39,H,H II,NA,confident,68.4,32
UGC 4028,SB(s)c?,12.5,3952,07 50 49.3,+74 21 30,4.05,0.35,1.23,210,0.56,0.036,0.47,0.39,H,H II,NA,confident,80.5,9.3
NGC 2500,S(s)c II.8,12.2,437,08 01 52.7,+50 44 15,7.13,0.92,1.22,222,2.42,0.068,0.33,0.45,H,H II,NA,confident,47.1,22.1
NGC 2543,SB(s)b,12.4,2467,08 12 58.0,+36 15 21,4.8,0.52,1.2,247,0.37,0.025,0.45,0.28,H,H II,NA,confident,112.4,8.8
NGC 2537,Sc pec III,12.3,444,08 13 15.0,+45 59 38,2.82,0,1.38,62,1.83,0.008,0.15,0.18,H,H II,NA,confident,63,9.1
NGC 2541,S(s)c III,12.2,628,08 14 40.4,+49 03 51,1.01,0,1.57,8,1.61,0.082,0.25,0.67,T2/H:,Transition,2,uncertain,53,10
NGC 2549,S0.(1-2)(7),12.1,1070,08 18 58.7,+57 48 12,NA,NA,NA,NA,NA,NA,NA,NA,NA,NA,NA,NA,142.6,3.8
NGC 2639,Sa,12.6,3198,08 43 39.0,+50 12 22,4.06,0.27,0.98,636,3.46,0.47,4.25,2.21,S1.9,Seyfert,1,confident,179.3,7.8
NGC 2634,E1:,12.4,2268,08 48 25.1,+73 58 03,NA,NA,NA,NA,NA,NA,NA,NA,NA,NA,NA,NA,181.1,4.7
IC 520,SB(rs)ab?,12.8,3528,08 53 41.2,+73 29 28,1.86,0,0.94,743,2.47,0.097,1.66,0.75,T2:,Transition,2,uncertain,138.1,7.1
NGC 2655,Sa pec,10.9,1407,08 55 37.6,+78 13 23,4.94,0.47,1.02,544,3.83,1.038,2.91,1.93,S2,Seyfert,2,confident,159.8,8
NGC 2683,Sb: II-III,10.6,358,08 52 41.2,+33 25 09,4.03,0.26,1.36,79,2.93,0.33,1.49,1.39,L2/S2,LINER,2,confident,130.2,7
NGC 2681,Sa,11,683,08 53 33.0,+51 18 55,4.77,0.44,0.72,1859,1.73,0.19,2.36,0.75,L1.9,LINER,1,confident,109.1,6.7
NGC 2685,S0.3(7) pec,11.9,869,08 57 26.2,+75 43 58,5.32,0.55,0.86,1017,3.11,0.13,0.93,0.42,S2/T2:,Seyfert,2,uncertain,93.8,4.9
NGC 2715,S(s)c II,11.9,1275,09 08 04.6,+78 05 08,4.68,0.5,1.14,329,0.95,0.066,0.45,0.33,H,H II,NA,confident,84.6,9
NGC 2750,SBc,12.3,2644,09 05 43.9,+25 26 09,3.97,0.33,1.13,344,0.18,0.011,0.43,0.24,H,H II,NA,confident,52.4,9.5
NGC 2742,S(sr)c II,12.3,1273,09 07 33.9,+60 36 48,3.23,0.12,1.39,54,0.96,0.04,0.35,0.23,H,H II,NA,confident,65.6,28.9
NGC 2770,S(s)c:,11.8,1955,09 09 33.6,+33 07 29,6.59,0.84,1.39,54,0.31,0.02,0.38,0.38,H,H II,NA,confident,81,8.9
NGC 2775,S(r)a,11.2,1340,09 10 20.4,+07 02 14,NA,NA,NA,NA,NA,NA,NA,NA,NA,NA,NA,NA,173.5,7.6
NGC 2768,S0.(1-2)(6),10.9,1335,09 11 37.5,+60 02 12,3.93,0.24,1.32,115,1.61,0.29,1.46,1.68,L2,LINER,2,confident,181.8,3.6
NGC 2748,S(s)c II,12.4,1456,09 13 43.1,+76 28 33,6.11,0.77,1.37,70,0.28,0.02,0.35,0.24,H,H II,NA,confident,83,8
NGC 2776,S(sr)c I,12.2,2618,09 12 14.8,+44 57 15,3.48,0.2,1.13,344,0.64,0.015,0.47,0.22,H,H II,NA,confident,47.7,8.6
NGC 2782,S(s)a pec,12.1,2532,09 14 05.5,+40 06 52,6.5,0.83,1.18,273,1.01,0.051,0.43,0.42,H,H II,NA,confident,183.1,9.5
NGC 2787,SB0/a,11.7,649,09 19 19.1,+69 12 15,1.89,0,1.07,444,1.41,0.55,1.61,1.41,L1.9,LINER,1,confident,202,5
NGC 2832,E3 (tides),12.4,6869,09 19 47.8,+33 44 53,0.73,0,NA,NA,1,0.62,2.91,NA,L2::,LINER,2,very uncertain,334,7.4
NGC 2841,Sb,10.1,635,09 22 01.8,+50 58 30,3.34,0.08,1.22,222,1.86,0.17,1.83,1.14,L2,LINER,2,confident,222,4
NGC 2859,RSB0.2(3),11.8,1659,09 24 18.0,+34 30 47,2.86,0,1.59,8,2.7,0.092,1.85,1.06,T2:,Transition,2,uncertain,188.2,7.9
NGC 2903,S(s)c I-II,9.5,565,09 32 09.8,+21 29 55,4.42,0.44,1.18,273,0.1,0.008,0.34,0.19,H,H II,NA,confident,89,4
NGC 2911,S0.3(2)or S0 pec,12.6,3167,09 33 46.0,+10 09 15,4.32,0.34,1.2,247,1.57,0.31,1.82,1.61,L2,LINER,2,confident,243.2,8.9
NGC 2977,Sb:,12.5,3072,09 43 46.3,+74 51 43,4.73,0.51,1.18,273,0.33,0.024,0.35,0.28,H,H II,NA,confident,104.5,9.3
NGC 2950,RSB0.(2-3),11.8,1337,09 42 36.1,+58 51 05,NA,NA,NA,NA,NA,NA,NA,NA,NA,NA,NA,NA,163,7.4
NGC 2967,S(sr)c I-II,12.3,2212,09 42 03.0,+00 20 11,2.77,0,1.67,8,1.48,0.091,0.31,0.32,H,H II,NA,confident,89.5,9.5
NGC 2964,S(s)c II.2,12,1311,09 42 53.4,+31 50 52,5.52,0.67,1.1,392,0.28,0.017,0.49,0.26,H,H II,NA,confident,109.4,9.8
NGC 2976,Sd III-IV,10.8,11,09 47 15.6,+67 55 00,3.87,0.31,1.22,222,1.42,0.012,0.31,0.18,H,H II,NA,confident,36,16.8
NGC 3003,S(s)c II,12.1,1476,09 48 35.0,+33 25 14,4.74,0.51,1.34,97,0.51,0.009,0.27,0.24,H,H II,NA,confident,44.1,20.6
NGC 2985,S(s)ab,11.2,1299,09 50 22.3,+72 16 41,2.07,0,1.06,463,0.97,0.12,0.86,0.61,T1.9,Transition,1,confident,140.8,4.7
NGC 3041,S(s)c II,12.2,1309,09 53 07.4,+16 40 39,2.75,0,1.21,234,0.55,0.07,0.44,0.23,H,H II,NA,confident,105.4,9.4
NGC 3027,SB(rs)d: III,12.4,1046,09 55 40.6,+72 12 11,2.01,0,1.4,46,1.16,0.037,0.19,0.53,H:,H II,NA,uncertain,25.6,9.1
NGC 3031,S(r)b I-II,7.8,-49,09 55 35.9,+69 04 05,3.15,0,0.82,1196,4.11,1.27,2.23,1.37,S1.5,Seyfert,1,confident,161.6,3.1
NGC 3034,I0,9.2,300,09 55 49.7,+69 40 40,21.93,2.06,0.87,977,0.36,0.009,0.56,0.18,H,H II,NA,confident,129.5,27.8
NGC 3043,S pec,12.4,2934,09 56 14.6,+59 18 27,3.61,0.24,1.41,38,0.36,0.038,0.36,0.43,H,H II,NA,confident,51.9,9
NGC 3079,S(s)c II-III,11.2,1101,10 01 57.8,+55 40 56,28.44,2.24,1.52,8,4.15,0.18,1.59,0.86,S2,Seyfert,2,confident,182.3,8.9
NGC 3073,SB0,14,1176,10 01 57.8,+55 40 56,NA,NA,1.26,176,0.72,0.023,0.3,0.36,H,H II,NA,confident,35.6,8.7
NGC 3077,I0,10.6,-16,10 03 21.2,+68 43 59,3.47,0.2,1.32,115,0.75,0.003,0.21,0.15,H,H II,NA,confident,32.4,15.2
NGC 3115,S0.1(7),9.9,670,10 05 13.4,-07 43 07,NA,NA,NA,NA,NA,NA,NA,NA,NA,NA,NA,NA,252.1,5.9
NGC 3162,S(s)bc I.8,12.1,1456,10 13 31.5,+22 44 19,3.39,0.17,1.33,106,0.16,0.013,0.34,0.25,H,H II,NA,confident,89,2
NGC 3166,S(s)a,11.5,1326,10 13 45.6,+03 25 36,6.5,0.75,1.29,145,2.71,0.27,2.57,1.32,L2,LINER,2,confident,153.4,7.9
NGC 3169,S(r)b(tides)I-II,11.2,1261,10 14 13.6,+03 28 17,5.03,0.49,1.12,360,2.88,0.28,2.07,1.45,L2,LINER,2,confident,188.6,8.7
NGC 3147,S(s)b I-II,11.4,2721,10 16 53.8,+73 24 02,5.23,0.53,1.3,135,6.14,0.15,2.71,1.14,S2,Seyfert,2,confident,219.8,8.7
NGC 3185,SB(s)a,12.9,1239,10 17 39.4,+21 41 17,4.91,0.47,1.13,344,3.42,0.045,0.7,0.37,S2:,Seyfert,2,uncertain,79.3,9.2
NGC 3184,S(r)c II.2,10.4,404,10 18 16.5,+41 24 58,4.42,0.44,1.21,234,0.13,0.009,0.33,0.2,H,H II,NA,confident,43.3,8.9
NGC 3190,Sa,11.9,1289,10 18 06.5,+21 50 04,2.58,0,1.18,273,2.06,0.34,3.47,1.82,L2,LINER,2,confident,188.1,8.3
NGC 3193,E2,11.8,1379,10 18 25.5,+21 53 45,1.45,0,0.94,743,2.48,0.3,1.27,0.64,L2:,LINER,2,uncertain,194.3,5.9
NGC 3198,S(s)c I-II,10.9,667,10 19 56.1,+45 32 55,6.44,0.82,1.36,79,0.23,0.025,0.42,0.32,H,H II,NA,confident,46.1,8.7
NGC 3226,E2/S0.1(2),12.3,1322,10 23 26.8,+19 54 00,2.18,0,1.21,234,2.22,0.59,1.45,1.36,L1.9,LINER,1,confident,193.5,5.1
NGC 3227,S(s)b (tides),11.5,1145,10 23 30.8,+19 51 54,2.9,0,0.96,688,5.91,0.23,1.33,0.68,S1.5,Seyfert,1,confident,136,4
NGC 3245,S0.1(5),11.6,1348,10 27 18.3,+28 30 29,4.76,0.43,1.22,222,0.63,0.086,0.85,0.43,T2:,Transition,2,uncertain,209.9,8.4
IC 2574,S(B)(s)m IV-V,11,-4,10 28 21.2,+68 24 58,5.33,0.63,1.3,135,0.23,0.025,0.07,0.25,H,H II,NA,confident,33.9,15.9
NGC 3254,S(s)b II,12.2,1223,10 29 20.6,+29 29 32,6.32,0.72,1.16,300,9.57,0.07,1.14,0.9,S2,Seyfert,2,confident,117.8,4.1
NGC 3294,S(s)c I.3,12.2,1436,10 36 16.3,+37 19 32,4.23,0.31,1.13,344,1.18,0.028,0.6,0.27,H,H II,NA,confident,56.4,8.7
NGC 3301,Sa,12.2,1333,10 36 56.5,+21 52 49,2.73,0,1.34,97,0.33,0.26,1.16,1.94,L2,LINER,2,confident,132.3,7.4
NGC 3310,S(r)bc (tides),11.2,1018,10 38 44.8,+53 29 23,4.65,0.49,0.9,868,0.95,0.036,0.66,0.26,H,H II,NA,confident,84,1
NGC 3319,SB(s)c IV.4,11.7,771,10 39 08.8,+41 41 10,3.09,0.08,0.86,1017,1,0.13,0.16,0.6,H:,H II,NA,uncertain,87.4,9.2
NGC 3338,S(s)bc I-II,11.3,1297,10 42 08.3,+13 44 53,NA,NA,1.72,8,0.86,0.093,0.49,0.3,H,H II,NA,confident,120.6,9.6
NGC 3344,S(sr)bc I.2,10.4,575,10 43 31.2,+24 55 21,3.74,0.27,1.01,566,0.86,0.047,0.42,0.41,H,H II,NA,confident,73.6,9.1
NGC 3346,SB(sr)c II.2,12.1,1110,10 43 38.7,+14 52 21,5.86,0.73,1.53,8,0.23,0.018,0.32,0.27,H,H II,NA,confident,76.3,8.4
NGC 3351,SB(r)b II,10.5,771,10 43 57.4,+11 42 20,4.38,0.43,1.31,125,0.27,0.019,0.46,0.24,H,H II,NA,confident,119.9,9
NGC 3359,SB(s)c pec I.8,10.9,1008,10 46 37.5,+63 13 23,3.73,0.27,1.27,165,0.55,0.04,0.31,0.55,H,H II,NA,confident,55.3,8.9
NGC 3348,E0,12.1,2837,10 47 11.5,+72 50 23,NA,NA,NA,NA,NA,NA,NA,NA,NA,NA,NA,NA,236.4,10.4
NGC 3367,SB(s)c II.2,12,2879,10 46 35.0,+13 44 59,4.36,0.35,0.91,835,0.5,0.031,0.83,0.28,H,H II,NA,confident,61.2,10.1
NGC 3368,S(s)ab II,10.1,943,10 46 46.3,+11 49 16,7.46,0.89,1.17,286,1.83,0.18,1.11,0.97,L2,LINER,2,confident,128.2,4
NGC 3370,S(s)c I-II,12.2,1367,10 47 03.4,+17 16 28,4.12,0.37,1.42,30,0.24,0.02,0.33,0.22,H,H II,NA,confident,94.6,9.4
NGC 3377,E6,11.1,692,10 47 42.1,+13 59 09,NA,NA,NA,NA,NA,NA,NA,NA,NA,NA,NA,NA,138.7,2.6
NGC 3379,E0,10.3,889,10 47 49.5,+12 34 57,NA,NA,NA,NA,1.85,0.32,1.66,2.11,L2/T2::,LINER,2,very uncertain,206.7,2.4
NGC 3384,SB0.1(5),10.7,735,10 48 16.5,+12 37 50,NA,NA,NA,NA,NA,NA,NA,NA,NA,NA,NA,NA,148.4,3.4
NGC 3389,S(s)c II.2,12.3,1270,10 48 28.4,+12 32 02,3.68,0.26,1.43,23,0.11,0.014,0.34,0.32,H,H II,NA,confident,69.3,14.6
NGC 3395,S(s)c II-III,12.4,1634,10 49 49.4,+33 31 48,3.39,0.17,1.43,23,0.76,0.035,0.31,0.39,H,H II,NA,confident,96.5,14.6
NGC 3412,SB0.(1-2)(5),11.4,865,10 50 53.6,+13 24 35,NA,NA,NA,NA,NA,NA,NA,NA,NA,NA,NA,NA,100.7,2.3
NGC 3414,S0.(1-2)/a,11.7,1434,10 51 16.5,+27 58 34,3.27,0.05,0.96,688,2.2,0.24,1.47,1.24,L2,LINER,2,confident,236.8,7.5
NGC 3423,S(s)c II.2,11.6,835,10 51 13.9,+05 50 22,3.37,0.17,1.22,222,0.74,0.042,0.47,0.45,H,H II,NA,confident,54.6,8.5
NGC 3430,S(sr)bc I-II,12.1,1570,10 52 11.7,+32 56 57,4.62,0.49,1.34,97,0.21,0.02,0.35,0.25,H,H II,NA,confident,50.4,8.9
NGC 3433,S(r)bc I.3,12.2,2591,10 52 04.4,+10 08 45,1.66,0,NA,NA,0.27,0.87,0.67,1.74,L2/T2::,LINER,2,very uncertain,80,8.7
NGC 3432,Scd (on edge),11.7,619,10 52 31.5,+36 37 09,3.36,0.16,1.43,23,1.71,0.012,0.14,0.22,H,H II,NA,confident,37,17.3
NGC 3448,I0?,12.1,1388,10 54 40.6,+54 18 30,3.4,0.18,1.35,88,2.15,0.01,0.12,0.17,H,H II,NA,confident,50.7,23.8
NGC 3489,S03/a,11.1,690,11 00 19.1,+13 54 05,2.14,0,1.21,234,2.92,0.11,1.33,0.9,T2/S2,Transition,2,confident,112,3
NGC 3486,S(r)bc I.2,10.8,665,11 00 25.5,+28 58 29,3.28,0.06,1.38,62,4.54,0.092,1.05,0.93,S2,Seyfert,2,confident,65,3
NGC 3495,S(s)c II-III,12.4,1086,11 01 15.9,+03 37 40,4.99,0.56,1.48,8,0.38,0.05,0.42,0.43,H:,H II,NA,uncertain,60.4,9
NGC 3504,SB(s)b I-II,11.8,1518,11 03 11.7,+27 58 20,4.34,0.34,1.07,444,0.53,0.023,0.59,0.27,H,H II,NA,confident,119.3,10.3
NGC 3507,SB(s)b,11,940,11 03 27.3,+18 08 15,3.81,0.21,1.24,198,0.98,0.18,1.1,0.94,L2,LINER,2,confident,85.5,9
NGC 3521,S(s)bc II,9.6,782,11 05 48.8,-00 02 01,3.71,0.18,NA,NA,1,0.23,0.64,0.88,H/L2::,H II,2,very uncertain,130.5,7.1
NGC 3516,RSB0.2,12.4,2624,11 06 47.7,+72 34 11,2.31,0,1.08,426,9.28,0.15,1.31,0.7,S1.2,Seyfert,1,confident,181,5
NGC 3556,S(s)c III,10.7,682,11 11 32.0,+55 40 24,7.29,0.95,1.39,54,0.26,0.012,0.32,0.29,H,H II,NA,confident,79.4,9.6
NGC 3583,S(s)b II,12.1,2098,11 14 13.2,+48 19 03,8.31,1.08,1.16,300,0.64,0.047,0.71,0.33,H,H II,NA,confident,131.7,10.1
NGC 3593,Sa pec III,11.7,624,11 14 36.9,+12 49 03,5.96,0.74,1.36,79,1.44,0.042,0.55,0.37,H,H II,NA,confident,54.4,7.2
NGC 3596,S(r)bc II.2,11.6,1176,11 15 06.3,+14 47 08,3.76,0.28,1.23,210,0.25,0.018,0.42,0.25,H,H II,NA,confident,103,9.4
NGC 3600,Sa?,12.3,1443,11 15 45.5,+41 35 38,3.68,0.26,1.45,8,1.97,0.027,0.14,0.31,H,H II,NA,confident,49.8,9.1
NGC 3607,S0.3(3),11,935,11 16 55.0,+18 03 19,5.56,0.59,1.31,125,2.28,0.19,2.13,0.83,L2,LINER,2,confident,232.3,8.8
NGC 3608,E1,11.8,1205,11 16 59.0,+18 09 13,NA,NA,1.17,286,2.94,0.19,1.3,1.35,L2/S2:,LINER,2,uncertain,192.2,3.5
NGC 3610,E5/S0.1(5),11.5,1787,11 18 25.4,+58 47 12,NA,NA,NA,NA,NA,NA,NA,NA,NA,NA,NA,NA,161.2,4.6
NGC 3613,E6/S0.1(6),11.6,2054,11 18 35.7,+57 59 53,NA,NA,NA,NA,NA,NA,NA,NA,NA,NA,NA,NA,220.1,8.8
NGC 3623,S(s)a II,10.2,775,11 18 55.6,+13 05 29,2.85,0,0.96,688,2.33,0.3,3.23,2.17,L2:,LINER,2,uncertain,138,3
NGC 3626,Sa,11.7,1438,11 20 03.8,+18 21 22,4.82,0.45,0.95,715,1.15,0.34,1.68,0.96,L2:,LINER,2,uncertain,146.1,8
NGC 3627,S(s)b II.2,9.7,703,11 20 14.5,+12 59 22,5.92,0.65,1.11,376,2.9,0.13,1.44,0.75,T2/S2,Transition,2,confident,124,3
NGC 3628,S (on edge),10.3,809,11 20 16.7,+13 35 40,4.72,0.43,1.48,8,1.77,0.12,0.95,0.78,T2,Transition,2,confident,77.3,8.9
NGC 3631,S(s)bc II,11,1143,11 21 02.5,+53 10 16,3.38,0.17,1.21,234,0.32,0.059,0.43,0.23,H,H II,NA,confident,43.9,8.6
NGC 3640,E2,11.2,1314,11 21 07.4,+03 14 09,NA,NA,NA,NA,NA,NA,NA,NA,NA,NA,NA,NA,181.6,4.5
NGC 3646,S(r)bc II,11.8,4261,11 21 43.0,+20 10 15,3.79,0.2,1.06,463,2.03,0.065,0.8,0.33,H/T2:,H II,2,uncertain,153.1,7.4
NGC 3642,S(r)b I,11.5,1623,11 22 17.8,+59 04 33,3.21,0.04,1.31,125,1.32,0.18,0.71,1.04,L1.9,LINER,1,confident,85,7.7
NGC 3652,SBcd: pec,12.3,2096,11 22 36.5,+37 45 55,3.92,0.32,1.43,23,0.6,0.031,0.3,0.39,H,H II,NA,confident,56.4,8.3
NGC 3655,S(s)c pec III,12.3,1457,11 22 54.1,+16 35 14,6.45,0.74,1.16,300,3.6,0.059,0.72,0.37,H/S2:,H II,2,uncertain,91.1,9.4
NGC 3666,Sc II-III,12.3,1047,11 24 25.9,+11 20 37,4.94,0.55,1.44,15,0.26,0.03,0.42,0.35,H,H II,NA,confident,60.6,8.7
NGC 3665,S0.3(3),11.7,2061,11 24 43.3,+38 45 43,5.34,0.55,1.29,145,0.54,0.061,0.61,0.4,H:,H II,NA,uncertain,236.8,9.2
NGC 3675,S(r)b II,10.9,724,11 26 08.5,+43 35 12,3.2,0.03,1.21,234,1.28,0.12,1.49,0.67,T2,Transition,2,confident,108,4
NGC 3681,SB(r)b I-II,12.4,1299,11 26 30.8,+16 51 47,2.24,0,1.42,30,1.26,0.14,0.77,0.97,T2:,Transition,2,uncertain,92,8.9
NGC 3684,S(s)c II,12.3,1394,11 27 11.8,+17 01 47,3.76,0.28,1.27,165,0.33,0.03,0.33,0.3,H,H II,NA,confident,43,8.9
NGC 3686,SB(s)bc II,12,1033,11 27 43.8,+17 13 29,3.43,0.18,1.23,210,0.13,0.005,0.31,0.16,H,H II,NA,confident,151.3,9.7
NGC 3690,Sc(tides),12,3033,11 28 31.5,+58 33 28,6.04,0.76,1.18,273,1.37,0.031,0.4,0.25,H,H II,NA,confident,143.9,11.3
NGC 3692,Sb,12.5,1726,11 28 23.4,+09 24 23,3.77,0.2,1.33,106,2.59,0.12,1.15,1.11,T2,Transition,2,confident,113.6,9.5
NGC 6484,SB(rs)c,12.4,2429,11 29 12.3,+57 07 57,NA,NA,NA,NA,NA,NA,NA,NA,NA,NA,NA,NA,NA,NA
NGC 3705,S(r)b I-II,11.7,1054,11 30 06.8,+00 16 39,5.02,0.49,1.16,300,1.1,0.079,0.88,0.73,T2,Transition,2,confident,116,9
NGC 3718,Sa pec?,11.2,1031,11 32 34.9,+53 04 08,4.33,0.34,1.07,444,3.02,0.66,0.86,1.22,L1.9,LINER,1,confident,158.1,9.6
NGC 3726,S(sr)bs II,10.9,948,11 33 20.5,+47 01 49,3.44,0.19,1.33,106,0.14,0.01,0.31,0.22,H,H II,NA,confident,41.5,9.2
NGC 3729,SB pec (ring),12,15,11 33 48.5,+53 07 25,5.19,0.6,1.22,222,1.05,0.046,0.51,0.32,H,H II,NA,confident,76.2,9.1
NGC 3738,Sd III,12.1,218,11 35 48.2,+54 31 18,2.6,0,1.42,30,2.96,0.03,0.1,0.31,H,H II,NA,confident,49.1,9.1
NGC 3735,S(s)c(I),12.5,2671,11 36 00.8,+70 32 00,6.31,0.72,1.26,176,7.14,0.053,0.85,0.38,S2:,Seyfert,2,uncertain,140.6,8.4
NGC 3756,S(s I-II,12.1,1071,11 36 48.7,+54 17 42,5.05,0.58,1.37,70,0.43,0.053,0.32,0.24,H,H II,NA,confident,47.6,8.5
NGC 3780,S(r)c II.3,12.2,2361,11 39 21.4,+56 16 23,0.59,0,1.24,198,0.86,0.35,3.17,2.24,L2::,LINER,2,very uncertain,89.8,9.4
NGC 3810,S(s)c II,11.3,958,11 40 59.0,+11 28 16,3.15,0.1,1.34,97,0.2,0.029,0.64,0.41,H:,H II,NA,uncertain,64.6,8.7
NGC 3813,S(s)c II.8,12.3,1470,11 41 18.1,+36 32 46,5.45,0.65,1.46,8,0.3,0.029,0.36,0.33,H,H II,NA,confident,72.1,9.2
NGC 3838,S0/a?,12.5,1299,11 44 13.8,+57 56 51,NA,NA,NA,NA,NA,NA,NA,NA,NA,NA,NA,NA,141.4,7.1
NGC 3877,S(s)c II,11.7,838,11 46 07.6,+47 29 32,5.61,0.68,1.22,222,0.14,0.01,0.35,0.23,H,H II,NA,confident,86.1,9.2
NGC 3884,S0/a,13.5,6869,11 46 11.4,+20 23 31,2.85,0,NA,NA,2.24,0.58,2.07,1.12,L1.9,LINER,1,confident,208.3,8.3
NGC 3893,S(s)c I.2,11.1,944,11 48 39.0,+48 42 44,4.52,0.46,1.25,187,0.22,0.022,0.37,0.22,H,H II,NA,confident,85.3,8.7
NGC 3900,S(r)a,12.2,1702,11 49 09.6,+27 01 25,0.89,0,1.62,8,1.64,0.58,1.48,2.01,L2:,LINER,2,uncertain,139.2,7.3
NGC 3898,Sa I,11.7,1163,11 49 15.0,+56 05 07,2.88,0,1.45,8,2.1,0.091,1.48,1.2,T2,Transition,2,confident,206.5,7.4
NGC 3917,S(s)c III,12.4,970,11 50 45.7,+51 49 31,2.41,0,1.6,8,1,0.13,0.73,0.7,T2:,Transition,2,uncertain,38,8.5
NGC 3938,S(s)c I,10.9,771,11 52 49.2,+44 07 19,2.82,0,NA,NA,1.76,0.14,0.53,1.67,H::,H II,NA,very uncertain,29.1,4.9
NGC 3941,SB0.(1-2)/a,11.2,934,11 52 55.6,+36 59 13,5,0.48,1.1,392,3.52,0.13,1.56,0.95,S2:,Seyfert,2,uncertain,133,7
NGC 3945,RSB0.2,11.4,1220,11 53 14.0,+60 40 37,3.4,0.09,1.06,463,2.24,0.23,2.61,1.14,L2,LINER,2,confident,191.5,7.8
NGC 3949,S(s)c III,11.4,681,11 53 41.2,+47 51 37,3.51,0.21,1.4,46,0.22,0.05,0.4,0.44,H,H II,NA,confident,82,2
NGC 3953,SB(r)bc III,10.7,987,11 53 49.6,+52 19 49,4.62,0.4,1.39,54,1.56,0.12,1.21,0.68,T2,Transition,2,confident,116,3
NGC 3963,S(r)bc I.2,12.3,3204,11 54 58.8,+58 29 36,5.26,0.62,1.3,135,0.16,0.015,0.32,0.21,H,H II,NA,confident,40.9,8.7
NGC 3976,S(s)c I-II,12.2,2491,11 55 56.9,+06 45 00,4.41,0.36,1.2,247,3.58,0.1,1.96,0.84,S2:,Seyfert,2,uncertain,189.5,8.7
NGC 3982,S(r)bc II-III,11.9,924,11 56 28.8,+55 07 18,5.05,0.49,0.84,1102,21.35,0.32,0.87,0.57,S1.9,Seyfert,1,confident,73,4
NGC 3992,SB(sr)b I,10.6,1059,11 57 36.2,+53 22 36,2.09,0,1.63,8,1.99,0.13,1.73,0.98,T2:,Transition,2,uncertain,148.4,7.1
NGC 3998,S0.1(3),11.5,1066,11 57 55.2,+55 27 24,4.72,0.43,1.1,392,1.98,0.53,1.08,0.99,L1.9,LINER,1,confident,304.6,10
NGC 4013,Sbc:,12,694,11 58 32.5,+43 56 42,2.05,0,1.24,198,0.71,0.11,1.13,0.83,T2,Transition,2,confident,86.5,8.6
NGC 4026,S0.(1-2)(9),11.4,930,11 59 24.4,+50 57 42,NA,NA,NA,NA,NA,NA,NA,NA,NA,NA,NA,NA,177.2,4.5
NGC 4036,S0.3(8)/a,11.5,1397,12 01 27.7,+61 53 48,2.86,0,1.23,210,1.85,0.46,2.25,1.81,L1.9,LINER,1,confident,215.1,8.2
NGC 4041,S(s)c II-III,11.6,1186,12 02 12.2,+62 08 18,6.28,0.8,1.17,286,0.39,0.041,0.64,0.29,H,H II,NA,confident,95,5
NGC 4051,S(r)bc II,10.9,688,12 03 10.2,+44 32 00,3.3,0.06,0.96,688,4.5,0.14,0.64,0.36,S1.2,Seyfert,1,confident,89,3
NGC 4062,S(s)c II-III,12,742,12 04 04.2,+31 53 42,5.38,0.64,1.67,8,0.41,0.036,0.45,0.35,H,H II,NA,confident,93.2,7.7
NGC 4064,SB(s)c:,12.2,1000,12 04 11.5,+18 26 36,4.53,0.47,1.32,115,0.1,0.005,0.27,0.23,H,H II,NA,confident,78.2,8.9
NGC 4088,SB(s)c II-III,11.1,723,12 05 34.2,+50 32 24,7.04,0.91,1.27,165,0.21,0.011,0.32,0.18,H,H II,NA,confident,77,2
NGC 4096,S(s)c II-III,11,492,12 06 01.2,+47 29 00,4.14,0.37,1.55,8,0.06,0.01,0.28,0.21,H,H II,NA,confident,79.5,8.7
NGC 4100,S(s)c I-II,11.6,1131,12 06 09.1,+49 34 42,5.15,0.59,1.26,176,0.18,0.012,0.35,0.2,H,H II,NA,confident,75.5,9.4
NGC 4102,S(r)b pec II,12.3,877,12 06 23.8,+52 42 36,8.33,1,0.94,743,0.99,0.041,0.92,0.31,H,H II,NA,confident,174.3,9.6
NGC 4111,S0.1(9),11.7,815,12 07 04.2,+43 04 00,4.78,0.44,1.24,198,0.84,0.19,1.31,1.03,L2,LINER,2,confident,147.9,4
NGC 4124,E6/S0.1(1-2)(6),10.7,1631,12 08 09.4,+10 22 48,4.76,0.52,1.84,8,0.29,0.026,0.33,0.17,H,H II,NA,confident,50.2,8.5
NGC 4123,SB(sr)bc I.8,11.8,1238,12 08 11.7,+02 52 18,5.61,0.68,0.91,835,0.33,0.018,0.53,0.27,H,H II,NA,confident,25.6,10.1
NGC 4125,S0.3(6),12,1356,12 08 04.4,+65 10 37,2.46,0,1.4,46,1.42,0.14,2.07,1.5,T2,Transition,2,confident,226.7,7.6
NGC 4136,S(r)c I-II,11.5,445,12 09 18.4,+29 55 37,3.42,0.18,1.19,259,0.66,0.017,0.33,0.37,H,H II,NA,confident,38.4,8.7
NGC 4138,S(r)a pec,12.1,1039,12 09 30.4,+43 41 07,3.66,0.17,1.25,187,5.94,0.33,1.47,1.32,S1.9,Seyfert,1,confident,120.9,7
NGC 4143,S0.1(5)/a,12,784,12 09 36.5,+42 32 07,1.63,0,1.23,210,2.15,0.71,1.75,1.39,L1.9,LINER,1,confident,204.9,8
NGC 4144,Scd III,12,267,12 09 59.1,+46 27 25,5.75,0.71,1.51,8,1.9,0.029,0.14,0.32,H,H II,NA,confident,64.3,NA
NGC 4145,S(s)c II,11.5,925,12 10 01.6,+39 53 01,2.94,0.03,1.73,8,1.09,0.13,0.61,0.8,T2:,Transition,2,uncertain,NA,NA
NGC 4151,Sab,11.1,956,12 10 31.5,+39 24 13,3.4,0.09,0.82,1196,11.56,0.22,0.68,0.54,S1.5,Seyfert,1,confident,97,3
NGC 4150,S0.3(4)/a,12.4,244,12 10 33.2,+30 24 13,2.46,0,1.39,54,0.86,0.13,0.98,1.12,T2,Transition,2,confident,87,3
NGC 4152,S(r)c I.4,12.4,2066,12 10 38.0,+16 02 01,4.51,0.46,1.06,463,0.24,0.009,0.49,0.21,H,H II,NA,confident,62.3,9
NGC 4157,Sbc,11.5,901,12 11 05.3,+50 29 07,10.69,1.33,1.39,54,0.22,0.017,0.34,0.24,H,H II,NA,confident,90.1,4.4
NGC 4162,S(s)c I-II,12.2,2542,12 11 52.4,+24 07 19,4.18,0.38,1.34,97,0.69,0.026,0.48,0.31,H,H II,NA,confident,76.1,8.9
NGC 4169,S0,12.5,3783,12 12 14.0,+29 10 49,26.21,2.16,1.3,135,21.07,0.35,2.75,2.05,S2,Seyfert,2,confident,183,8.2
NGC 4168,E2,12.2,2284,12 12 17.0,+13 12 19,1.86,0,1.26,176,3.79,0.27,2.85,2.93,S1.9:,Seyfert,1,uncertain,183.9,3.7
NGC 4178,SB(s)c II,11.8,240,12 12 47.1,+10 52 07,3.1,0.08,1.35,88,0.35,0.022,0.32,0.5,H,H II,NA,confident,25.7,9.1
NGC 4179,S0.1(9),11.8,1256,12 12 52.7,+01 18 01,NA,NA,NA,NA,NA,NA,NA,NA,NA,NA,NA,NA,175,7.7
NGC 4183,Scd (on edge),12.4,932,12 13 17.4,+43 41 55,4.83,0.53,1.42,30,0.92,0.027,0.24,0.36,H,H II,NA,confident,34.4,16.1
NGC 4192,Sb II:,10.9,-126,12 13 47.8,+14 54 07,13.02,1.45,1.22,222,1.87,0.14,1.41,1.02,T2,Transition,2,confident,131.9,7.1
NGC 4203,S0.2(1),11.6,1044,12 15 05.1,+33 12 02,1.03,0,1.08,426,1.57,1.22,1.84,1.42,L1.9,LINER,1,confident,167,3
NGC 4212,S(s)c II-III,11.8,-81,12 15 39.7,+13 54 08,4.72,0.51,1.23,210,0.14,0.017,0.41,0.29,H,H II,NA,confident,75,2
NGC 4214,SBm III,10.2,298,12 15 38.7,+36 19 50,2.78,0,1.33,106,3.67,0.007,0.07,0.13,H,H II,NA,confident,51.6,24.2
NGC 4216,Sb:,11.3,30,12 15 53.8,+13 08 44,4.39,0.35,1.05,482,2.09,0.12,2.04,0.71,T2,Transition,2,confident,197.2,7.9
NGC 4217,S(s)b,10.9,1026,12 15 50.2,+47 05 38,5.59,0.68,1.45,8,0.57,0.049,0.46,0.4,H,H II,NA,confident,91.3,4.4
NGC 4220,S(r)a,12.2,979,12 16 11.9,+47 52 50,9.43,1.12,1.26,176,2.73,0.12,1.05,0.6,T2,Transition,2,confident,105.5,7
NGC 4236,SBd IV,10,-5,12 16 43.6,+69 28 20,2.89,0.01,1.4,46,2.04,0.026,0.17,0.44,H,H II,NA,confident,62.8,NA
NGC 4235,S(s)a,12.6,2343,12 17 10.2,+07 11 26,7.82,0.94,1,588,12.86,0.85,2.57,1.94,S1.2,Seyfert,1,confident,151,10
NGC 4244,Scd,10.6,240,12 17 30.1,+37 48 32,3.43,0.18,1.42,30,0.85,0.026,0.22,0.48,H,H II,NA,confident,36.8,9.2
NGC 4242,SBd III,11.5,661,12 17 29.9,+45 37 09,2.2,0,1.5,8,1,0.27,0.27,0.91,H::,H II,NA,very uncertain,NA,NA
NGC 4245,SB(s)a,12.2,890,12 17 36.0,+29 36 14,2.03,0,1.05,482,0.86,0.038,0.7,0.35,H,H II,NA,confident,82.7,8.6
NGC 4251,S0.1(8),11.6,1014,12 18 07.1,+28 10 27,NA,NA,NA,NA,NA,NA,NA,NA,NA,NA,NA,NA,119.4,5.1
NGC 4254,S(s)c I.3,10.3,2453,12 18 49.4,+14 25 03,5.96,0.74,1.41,38,0.9,0.022,0.48,0.23,H,H II,NA,confident,83.4,9.2
NGC 4258,S(s)b II,8.9,480,12 18 57.1,+47 18 21,3.94,0.24,1.03,523,10.32,0.38,0.8,0.94,S1.9,Seyfert,1,confident,148,4
NGC 4261,E2,11.3,2210,12 19 23.2,+05 49 27,4.9,0.46,1.26,176,2.44,0.49,2.6,1.29,L2,LINER,2,confident,308.8,5.8
NGC 4262,SB0.(2-3),12.3,1368,12 19 31.3,+14 52 39,NA,NA,NA,NA,NA,NA,NA,NA,NA,NA,NA,NA,219.5,8.8
NGC 4267,SB0.1,11.7,1000,12 19 45.5,+12 47 57,NA,NA,NA,NA,NA,NA,NA,NA,NA,NA,NA,NA,164.6,6.1
NGC 4274,S(s)a,11.3,927,12 19 50.7,+29 36 39,NA,0,1.2,247,0.4,0.036,0.61,0.3,H,H II,NA,confident,96.6,6.9
NGC 4273,SB(s)c II,12.3,2308,12 19 56.2,+05 20 39,4.27,0.41,1.2,247,0.18,0.011,0.38,0.23,H,H II,NA,confident,58.1,9.5
NGC 4278,E1,11.1,628,12 20 06.7,+29 16 57,2.5,0,1.15,314,1.31,0.41,1.22,1.48,L1.9,LINER,1,confident,261,8
NGC 4281,S0.3(6),12.2,2685,12 20 22.2,+05 23 15,2.74,0,0.79,1356,1.48,0.19,2.11,0.56,T2::,Transition,2,very uncertain,250.7,9.7
NGC 4291,E3,12.3,1757,12 20 19.1,+75 22 10,NA,NA,NA,NA,NA,NA,NA,NA,NA,NA,NA,NA,285.3,5.7
NGC 4293,Sa pec,11.2,717,12 21 13.8,+18 23 04,7.54,0.9,1.24,198,1.72,0.18,1.41,0.91,L2,LINER,2,confident,112.2,9.2
NGC 4298,S(s)c III,12.1,1122,12 21 32.2,+14 36 28,4.82,0.53,1.22,222,0.24,0.016,0.33,0.24,H,H II,NA,confident,42.2,8.7
NGC 4303,S(s)c I.2,10.1,1607,12 21 55.3,+04 28 28,3.92,0.32,1.22,222,1.32,0.045,0.78,0.4,H,H II,NA,confident,84,3
NGC 4314,SB(sr)a pec,11.3,963,12 22 33.2,+29 53 28,3.46,0.11,1.53,8,0.72,0.18,1.01,0.57,L2,LINER,2,confident,117,4
NGC 4321,S(s)c I,10.1,1579,12 22 55.0,+15 49 22,4.48,0.37,1.2,247,0.79,0.11,1.18,0.48,T2,Transition,2,confident,83,3
NGC 4324,S(r)a,12.3,1686,12 23 07.2,+05 15 04,1.16,0,1.37,70,1.69,0.16,0.63,0.72,T2::,Transition,2,very uncertain,98,3.5
NGC 4346,SB0.1(8),12.1,783,12 23 27.8,+46 59 35,0.65,0,1.08,426,1.28,0.79,3.72,1.62,L2::,LINER,2,very uncertain,146.5,7.1
NGC 4339,S0.1,12.3,1281,12 23 35.0,+06 04 59,NA,NA,NA,NA,NA,NA,NA,NA,NA,NA,NA,NA,112.9,3.7
NGC 4340,RSB0.2(5),11.9,915,12 23 35.8,+16 43 23,NA,NA,NA,NA,NA,NA,NA,NA,NA,NA,NA,NA,116.3,2.9
NGC 4350,S0.1(8),11.8,1234,12 23 57.8,+16 41 41,NA,NA,NA,NA,1.64,0.18,1.36,0.37,T2::,Transition,2,very uncertain,180.5,7.2
NGC 4365,E3,10.6,1227,12 24 28.9,+07 19 05,NA,NA,NA,NA,NA,NA,NA,NA,NA,NA,NA,NA,256.2,3.3
NGC 4369,S(s)c III-IV,12.2,988,12 24 37.1,+39 23 05,3.08,0.07,1.23,210,0.4,0.014,0.37,0.31,H,H II,NA,confident,71.6,9.1
NGC 4371,SB0.2(3),11.7,950,12 24 55.3,+11 42 11,NA,NA,NA,NA,NA,NA,NA,NA,NA,NA,NA,NA,134.6,4.5
NGC 4374,E1,10.2,1029,12 25 03.2,+12 53 11,4.68,0.42,1.41,38,1.72,0.33,1.81,1.46,L2,LINER,2,confident,308,7
NGC 4379,S0.1(2),12.3,1056,12 25 14.8,+15 36 23,NA,NA,NA,NA,NA,NA,NA,NA,NA,NA,NA,NA,108.4,4.1
NGC 4378,S(s)a I,12.1,2563,12 25 18.1,+04 55 29,3.6,0.15,1.29,145,4.09,0.3,2.78,1.56,S2,Seyfert,2,confident,192,8
NGC 4380,Sab,12.3,935,12 25 22.5,+10 01 05,4,0.26,1.37,70,1.14,0.048,0.67,0.31,H,H II,NA,confident,79.8,7.1
NGC 4382,S0.1(3) pec,10.1,722,12 25 24.4,+18 11 23,NA,NA,NA,NA,NA,NA,NA,NA,NA,NA,NA,NA,178.6,4.8
NGC 4388,Sab,11.8,2538,12 25 46.1,+12 39 42,5.69,0.61,1.04,502,11.15,0.16,0.57,0.61,S1.9,Seyfert,1,confident,91.7,9.5
NGC 4395,Sd III-IV,10.6,311,12 25 49.0,+33 32 54,2.12,0,0.89,904,6.22,0.36,0.44,0.96,S1.8,Seyfert,1,confident,30,NA
NGC 4394,SB(sr)b I-II,11.7,772,12 25 56.4,+18 12 48,4.37,0.35,1.23,210,2.8,0.44,1.08,0.98,L2,LINER,2,confident,115.5,8.9
NGC 4405,S(s)c or S0,12.9,1751,12 26 06.6,+16 10 54,4.16,0.38,1.27,165,0.16,0.026,0.33,0.31,H,H II,NA,confident,50.2,23.5
NGC 4406,S0.1(3)/E3,10,-248,12 26 12.1,+12 56 48,NA,NA,NA,NA,NA,NA,NA,NA,NA,NA,NA,NA,235,3
NGC 4414,S(rs)c II.2,10.9,713,12 26 26.3,+31 13 18,NA,NA,0.77,1479,0.58,0.14,0.59,0.5,T2:,Transition,2,uncertain,117,4
NGC 4417,S0.1(7),12,852,12 26 50.5,+09 35 06,NA,NA,NA,NA,NA,NA,NA,NA,NA,NA,NA,NA,131.2,6.2
NGC 4419,SBab:,12.1,-224,12 26 56.7,+15 02 48,13.03,1.45,1.04,502,2.17,0.075,0.98,0.53,T2,Transition,2,confident,99.2,3.2
NGC 4421,SB0.2(3),12.5,1692,12 27 02.7,+15 27 42,NA,NA,NA,NA,NA,NA,NA,NA,NA,NA,NA,NA,55.8,8.3
NGC 4424,Sa pec,12.3,447,12 27 12.5,+09 25 12,5.56,0.67,1.47,8,0.26,0.014,0.33,0.35,H,H II,NA,confident,56.8,9.2
NGC 4429,S0.3(6)/a pec,11.1,1137,12 27 26.2,+11 06 30,5.94,0.66,1.01,566,1.06,0.097,1.32,0.37,T2,Transition,2,confident,192.5,7.5
NGC 4435,SB0.1(7),11.7,781,12 27 40.0,+13 04 48,6.07,0.68,1.37,70,0.71,0.13,0.68,0.27,T2/H:,Transition,2,uncertain,156.7,5.8
NGC 4438,Sb (tides),10.9,20,12 27 46.0,+13 00 31,5.67,0.61,1.23,210,1.59,0.27,1.64,1.51,L1.9,LINER,1,confident,135.7,7
NGC 4442,SB0.1(6),11.3,530,12 28 04.4,+09 48 07,NA,NA,NA,NA,NA,NA,NA,NA,NA,NA,NA,NA,187.1,7.8
NGC 4448,Sa (late),12,693,12 28 15.4,+28 37 13,3.91,0.32,1.22,222,0.26,0.022,0.45,0.22,H,H II,NA,confident,119.8,9
NGC 4449,Sm IV,9.8,211,12 28 13.1,+44 05 43,3.24,0.13,1.29,145,2.41,0.022,0.14,0.23,H,H II,NA,confident,17.8,9.1
NGC 4450,Sab pec,10.9,2048,12 28 30.3,+17 05 07,2.56,0,1.03,523,2.12,0.67,1.94,2.15,L1.9,LINER,1,confident,135,6.9
NGC 4460,S0 / Sc,12.1,528,12 28 44.7,+44 52 01,4.47,0.45,1.43,23,1.22,0.021,0.23,0.41,H,H II,NA,confident,39.8,8.9
NGC 4457,RS(rs)b II,11.6,738,12 28 59.2,+03 34 13,3.78,0.2,1.15,314,0.87,0.19,1.04,0.9,L2,LINER,2,confident,119.3,9
NGC 4459,S0.3(3),11.4,1203,12 29 00.7,+13 58 43,3.24,0.04,1.01,566,0.41,0.13,1.22,0.38,T2:,Transition,2,uncertain,169.9,7.1
NGC 4461,Sa,12,1918,12 29 02.8,+13 11 07,NA,NA,NA,NA,NA,NA,NA,NA,NA,NA,NA,NA,150.8,6.4
NGC 4469,Sab,12.2,576,12 29 28.5,+08 44 55,7.4,0.96,1.42,30,0.95,0.04,0.52,0.47,H,H II,NA,confident,106.7,7.2
NGC 4470,Sc pec III,13,2358,12 29 37.6,+07 49 25,2.86,0,1.43,23,0.41,0.023,0.29,0.39,H,H II,NA,confident,89.9,9
NGC 4472,E2/S0.1(2),9.3,983,12 29 46.6,+08 00 08,NA,NA,NA,NA,5.08,1.36,3.43,1.58,S2::,Seyfert,2,very uncertain,291.1,2.9
NGC 4473,E5,11,2237,12 29 48.8,+13 25 50,NA,NA,NA,NA,NA,NA,NA,NA,NA,NA,NA,NA,179.3,2.9
NGC 4477,SB0.(1-2)/a,11.2,1348,12 30 02.7,+13 38 08,3.83,0.21,1.13,344,3.7,0.12,1.87,1.12,S2,Seyfert,2,confident,176.8,7.6
NGC 4478,E2,12.1,1382,12 30 17.9,+12 19 44,NA,NA,NA,NA,NA,NA,NA,NA,NA,NA,NA,NA,137.4,2.3
NGC 4485,S (tides),12.3,617,12 30 31.1,+41 41 56,2.55,0,1.3,135,1.34,0.18,0.2,0.52,H,H II,NA,confident,52.2,24.4
NGC 4490,Scd pec III,10.2,594,12 30 36.1,+41 38 20,6.39,0.81,1,588,2.55,0.12,0.25,0.71,H,H II,NA,confident,45.1,9
NGC 4486,E0,9.6,1508,12 30 48.8,+12 23 32,4.29,0.33,1.82,8,1.89,0.3,2.12,1.3,L2,LINER,2,confident,332.2,4.9
NGC 4494,E1,10.7,1324,12 31 24.5,+25 46 33,1.75,0,NA,NA,1.16,0.48,1.61,1.75,L2::,LINER,2,very uncertain,145,3
NGC 4496A,SBc III-IV,11.7,1900,12 31 39.1,+03 56 23,NA,NA,NA,NA,NA,NA,NA,NA,NA,NA,NA,NA,74.9,35.1
NGC 4496B,IB(s)m,14.5,4546,12 31 40.1,+03 55 27,NA,NA,NA,NA,NA,NA,NA,NA,NA,NA,NA,NA,105.6,8.9
NGC 4501,S(s)bc II,10.2,2120,12 31 59.4,+14 25 09,3.51,0.13,1.05,482,5.31,0.19,2.1,0.94,S2,Seyfert,2,confident,166.9,7.3
NGC 4503,Sa,12.1,1364,12 32 06.0,+11 10 39,NA,NA,NA,NA,NA,NA,NA,NA,NA,NA,NA,NA,146.4,7.2
NGC 4517,Sc,11.2,1185,12 32 45.7,+00 06 45,7.81,1.02,1.57,8,1.23,0.054,0.51,0.56,H,H II,NA,confident,43.8,8.5
NGC 4526,S0.3(6),10.5,575,12 34 03.4,+07 41 58,5.46,0.65,0.9,868,0.37,0.046,0.8,0.33,H,H II,NA,confident,212.8,8.7
NGC 4527,S(s)b II,11.3,1727,12 34 08.3,+02 39 10,9.98,1.18,1.29,145,0.96,0.075,0.75,0.46,T2,Transition,2,confident,135.3,7.9
NGC 4532,Sm III,12.2,2154,12 34 19.6,+06 28 10,3.97,0.33,1.33,106,2.71,0.018,0.09,0.2,H,H II,NA,confident,70.9,NA
NGC 4535,SB(s)c I.3,10.5,1973,12 34 20.4,+08 12 04,4.45,0.45,1.01,566,0.13,0.011,0.41,0.23,H,H II,NA,confident,102.5,10.2
NGC 4536,S(s)c I,11,1894,12 34 27.4,+02 11 10,5.23,0.61,1.25,187,0.33,0.03,0.47,0.36,H,H II,NA,confident,85,1
NGC 4548,SB(sr)b I-II,10.9,498,12 35 26.2,+14 29 53,2.44,0,1.25,187,1.12,0.23,1.38,1.06,L2,LINER,2,confident,113.4,8.9
NGC 4550,E7/S0.1(7),12.3,429,12 35 30.6,+12 13 17,3.27,0.05,1.41,38,1.86,0.17,0.55,1.13,L2,LINER,2,confident,90.9,4.4
NGC 4552,S0.1,10.8,311,12 35 39.5,+12 33 29,3.2,0.03,1.18,273,1.13,0.13,1.5,1.03,T2:,Transition,2,uncertain,252.4,3.4
NGC 4559,S(s)c II,10.3,808,12 35 57.4,+27 57 35,3.59,0.23,1.42,30,0.35,0.028,0.42,0.4,H,H II,NA,confident,49.2,8.6
NGC 4565,Sb,10.3,1181,12 36 20.8,+25 59 06,4.92,0.47,1.11,376,8.73,0.31,2.5,0.97,S1.9,Seyfert,1,confident,136,6.3
NGC 4564,E6,11.8,1119,12 36 26.7,+11 26 24,NA,NA,NA,NA,NA,NA,NA,NA,NA,NA,NA,NA,157.4,3.1
NGC 4567,S(s)c II-III,12.1,2213,12 36 32.7,+11 15 30,4.45,0.45,1.15,314,0.12,0.015,0.28,0.16,H,H II,NA,confident,66,9.1
NGC 4568,S(s)c III,11.7,2260,12 36 33.7,+11 14 24,10.43,1.31,1.28,155,0.31,0.022,0.38,0.17,H,H II,NA,confident,88.3,9.4
NGC 4569,S(s)ab I-II,10.2,-311,12 36 50.3,+13 09 54,4.9,0.46,0.99,612,1.18,0.062,0.9,0.4,T2,Transition,2,confident,136,3
NGC 4570,S0.1(7)/E7,11.6,1730,12 36 53.4,+07 14 54,NA,NA,NA,NA,NA,NA,NA,NA,NA,NA,NA,NA,197.4,7.8
NGC 4578,S0.(1-2)(4),12,2287,12 37 31.0,+09 33 18,NA,NA,NA,NA,NA,NA,NA,NA,NA,NA,NA,NA,112.4,6.7
NGC 4579,S(s)ab II,10.5,1627,12 37 43.5,+11 49 07,NA,NA,1.13,344,3.07,0.48,1.89,1.52,S1.9/L1.9,Seyfert,1,confident,165,4
NGC 4589,E2,11.8,1980,12 37 24.1,+74 11 31,4.66,0.41,1.48,8,2.38,0.41,1.42,1.65,L2,LINER,2,confident,224.3,5.6
NGC 4594,Sab,9.2,1082,12 39 59.0,-11 37 28,3.37,0.08,1.07,444,1.57,0.18,2.19,1.07,L2,LINER,2,confident,241.1,4.4
NGC 4596,SBa,11.4,1874,12 39 55.7,+10 10 32,2.12,0,1.5,8,1,0.27,1.48,1.16,L2::,LINER,2,very uncertain,148.8,2.9
NGC 4605,S(s)c III,10.9,149,12 39 59.8,+61 36 38,3.38,0.17,1.44,15,0.95,0.061,0.26,0.56,H,H II,NA,confident,26.1,9.3
NGC 4608,SB0.3/a:,12,1823,12 41 13.7,+10 09 15,NA,NA,NA,NA,NA,NA,NA,NA,NA,NA,NA,NA,139.2,7.2
NGC 4612,RSB0.(1-2),12.5,1821,12 41 32.2,+07 18 51,NA,NA,NA,NA,NA,NA,NA,NA,NA,NA,NA,NA,63.2,4.2
NGC 4618,SB(sr)bc pec,11.2,543,12 41 31.5,+41 09 09,2.87,0,1.41,38,1.82,0.012,0.16,0.23,H,H II,NA,confident,54.6,NA
NGC 4621,E4,10.6,430,12 42 02.3,+11 38 46,NA,NA,NA,NA,NA,NA,NA,NA,NA,NA,NA,NA,225.2,3.3
NGC 4631,Sc (on edge),9.8,632,12 42 07.2,+32 32 22,3.07,0.07,1.41,38,1.53,0.03,0.24,0.23,H,H II,NA,confident,71.9,NA
NGC 4648,E3,12.4,1474,12 41 45.9,+74 25 04,NA,NA,NA,NA,NA,NA,NA,NA,NA,NA,NA,NA,224.5,8.7
NGC 4638,S0.1(7),12,1132,12 42 47.3,+11 26 28,NA,NA,NA,NA,NA,NA,NA,NA,NA,NA,NA,NA,121.9,4
NGC 4636,E/S0.1(6),10.5,927,12 42 50.2,+02 41 16,2.79,0,1.05,482,1.88,0.22,1.84,1.45,L1.9,LINER,1,confident,202.7,3.4
NGC 4639,SB(r)b II,12.1,898,12 42 51.9,+13 15 28,3.2,0.03,1.07,444,3.77,0.31,1.12,1.09,S1.0,Seyfert,1,confident,96,4
NGC 4643,SB0.3/a,11.5,1399,12 43 21.3,+01 58 41,2.72,0,1.62,8,1.34,0.078,1.79,0.58,T2,Transition,2,confident,143.8,7.6
NGC 4647,S(rs)c III,12,1421,12 43 32.2,+11 34 47,3.8,0.29,1.33,106,0.08,0.013,0.22,0.15,H,H II,NA,confident,17.5,8.8
NGC 4649,S0.1(2),9.8,1114,12 43 40.2,+11 33 05,NA,NA,NA,NA,NA,NA,NA,NA,NA,NA,NA,NA,335.3,4.5
NGC 4651,S(r)c I-II,11.3,788,12 43 43.1,+16 23 41,2.95,0,1.24,198,1.84,0.29,1.84,1.89,L2,LINER,2,confident,100.9,8.7
NGC 4654,SB(sr)c II,11.1,1035,12 43 56.8,+13 07 35,4.82,0.53,1.22,222,0.16,0.009,0.27,0.22,H,H II,NA,confident,47.7,9
NGC 4656,Im,10.8,648,12 43 57.9,+32 10 05,4.1,0.36,1.49,8,4.02,0.022,0.05,0.18,H,H II,NA,confident,70.4,32.9
NGC 4660,E3/S0.1(3),11.8,1095,12 44 32.2,+11 11 12,NA,NA,NA,NA,NA,NA,NA,NA,NA,NA,NA,NA,188.5,3.4
NGC 4665,SB0.2/a:,11.6,785,12 45 06.1,+03 03 24,NA,NA,NA,NA,NA,NA,NA,NA,NA,NA,NA,NA,143.7,7.3
NGC 4688,SB(s)c II,12.6,925,12 47 46.7,+04 20 14,2.26,0,1.39,54,0.56,0.053,0.3,0.48,H,H II,NA,confident,73,8.8
NGC 4689,S(s)c II.3,11.5,1522,12 47 45.4,+13 45 44,5.29,0.62,1.57,8,0.34,0.053,0.5,0.32,H,H II,NA,confident,41.4,8.4
NGC 4694,I0,12.1,1211,12 48 15.1,+10 59 03,5.26,0.62,1.35,88,0.36,0.015,0.32,0.31,H,H II,NA,confident,61.3,6.5
NGC 4698,Sa,11.5,1032,12 48 23.7,+08 29 15,3.26,0.05,1.1,392,4.29,0.074,1.31,0.88,S2,Seyfert,2,confident,148.6,7.3
NGC 4710,S0.3(9),11.8,1119,12 49 38.9,+15 09 58,5.28,0.62,1.26,176,0.62,0.045,0.52,0.29,H,H II,NA,confident,109.6,9.5
NGC 4713,SB(s)c II-III,12.1,631,12 49 57.4,+05 18 40,4.14,0.37,1.4,46,1.01,0.087,0.44,0.67,T2,Transition,2,confident,23.2,8.9
NGC 4725,SB(r)b II,9.9,1180,12 50 26.9,+25 30 11,3.18,0.03,1.04,502,6.64,0.089,1.14,0.64,S2:,Seyfert,2,uncertain,140,3
NGC 4750,S(r) pec,12.2,1614,12 50 07.1,+72 52 29,3.29,0.06,1.18,273,1.74,0.6,2.86,2,L1.9,LINER,1,confident,136,7.1
NGC 4736,RS(s)ab,8.9,297,12 50 53.1,+41 07 17,3.14,0.01,1.13,344,1.47,0.24,2.15,1.39,L2,LINER,2,confident,112,3
NGC 4754,SB0.1(5),11.4,1396,12 52 17.8,+11 18 49,NA,NA,NA,NA,NA,NA,NA,NA,NA,NA,NA,NA,184.9,4.3
NGC 4762,S0.1,11.2,971,12 52 55.8,+11 13 49,0.73,0,NA,NA,1.24,0.48,2.2,0.67,L2:,LINER,2,uncertain,151.8,7.2
NGC 4772,Sa:,12.4,1042,12 53 29.2,+02 10 08,3.19,0.03,1.11,376,2.92,0.54,1.31,1.84,L1.9,LINER,1,confident,148.3,7.7
NGC 4793,S(s)c II.2,12.3,2423,12 54 41.2,+28 56 15,8.67,1.12,1.35,88,0.42,0.03,0.33,0.27,H,H II,NA,confident,26.6,8.5
NGC 4800,S(sr)b II-III,12.3,747,12 54 37.4,+46 31 45,10.24,1.29,1.29,145,0.98,0.041,0.52,0.27,H,H II,NA,confident,111,4
NGC 4826,S(s)ab II,9.3,474,12 56 44.3,+21 40 53,5.23,0.53,1.22,222,1.45,0.073,1.27,0.77,T2,Transition,2,confident,96,3
NGC 4845,Sa,12.1,1125,12 58 01.3,+01 34 36,8.65,1.04,1.33,106,1.89,0.034,0.73,0.26,H,H II,NA,confident,133.9,9.3
NGC 4866,Sa,11.7,1910,12 59 27.5,+14 10 20,3.83,0.21,1.24,198,1.88,0.23,1.73,1.11,L2,LINER,2,confident,209.5,8.1
NGC 4900,Sc III-IV,12,1021,13 00 39.0,+02 29 57,3.85,0.3,1.37,70,0.32,0.012,0.39,0.26,H,H II,NA,confident,58.6,9
NGC 4914,E5/S0.1(5),12.3,4678,13 00 43.6,+37 18 52,NA,NA,NA,NA,NA,NA,NA,NA,NA,NA,NA,NA,224.7,8.9
NGC 5005,S(s)b II,10.6,992,13 10 55.6,+37 03 28,2.59,0,1.16,300,2.27,0.65,4.94,3.31,L1.9,LINER,1,confident,172,8.1
NGC 5012,S(sr)c I-II,12.4,2661,13 11 37.2,+22 54 59,3.36,0.08,1.1,392,1.47,0.081,1.07,0.56,T2,Transition,2,confident,141.4,9.2
NGC 5033,S(s)b I,10.6,861,13 13 26.3,+36 35 55,4.48,0.37,1.07,444,4.69,0.29,2.36,1.08,S1.5,Seyfert,1,confident,151,4
NGC 5055,S(s)bc II-III,9.3,516,13 16 09.3,+42 01 59,5.42,0.57,0.79,1356,1.85,0.17,1.48,0.74,T2,Transition,2,confident,117,6
NGC 5077,S0.(1-2)(4),12.5,2832,13 19 31.7,-12 39 27,2.89,0,1.34,97,2.05,0.34,1.18,1.22,L1.9,LINER,1,confident,254.6,7.9
NGC 5112,S(sr)c II,11.8,937,13 21 56.2,+38 44 08,4.09,0.36,1.35,88,0.68,0.051,0.36,0.58,H,H II,NA,confident,60.8,NA
NGC 5147,S(s)c III-IV,12.2,1097,13 26 19.8,+02 06 08,4.34,0.42,1.44,15,0.44,0.035,0.37,0.52,H,H II,NA,confident,52.3,8.8
NGC 5204,Sd IV,11.7,202,13 29 36.5,+58 25 14,2.04,0,1.34,97,0.96,0.099,0.18,0.56,H,H II,NA,confident,39.9,18.7
NGC 5194,S(s)bc I-II,8.9,463,13 29 52.4,+47 11 50,8.44,1.01,0.94,743,8.96,0.16,2.9,0.86,S2,Seyfert,2,confident,96,8.7
NGC 5195,SB0.1 pec,10.5,570,13 29 59.3,+47 16 21,1.9,0,1.01,566,1.22,0.55,5.43,2,L2:,LINER,2,uncertain,124.8,8.1
NGC 5248,S(s)bc I-II,10.8,1189,13 37 32.4,+08 53 15,7.27,0.94,1.22,222,0.33,0.035,0.52,0.24,H,H II,NA,confident,99.4,9.2
NGC 5273,S0/a,12.4,1054,13 42 08.2,+35 39 24,3.11,0,0.95,715,11.08,0.22,1.14,0.89,S1.5,Seyfert,1,confident,71,4
NGC 5297,S(s)c I-II,12.2,2641,13 46 24.1,+43 52 26,1.87,0,1.28,155,1.59,0.25,2.19,1.78,L2,LINER,2,confident,61.3,9
NGC 5308,S0.1(8),12.2,2041,13 47 00.7,+60 58 22,NA,NA,NA,NA,NA,NA,NA,NA,NA,NA,NA,NA,249,9.5
NGC 5300,S(s)c II,11.9,1171,13 48 15.6,+03 56 59,4.18,0.38,1.41,38,0.25,0.023,0.41,0.35,H,H II,NA,confident,19.8,8.4
NGC 5322,E4,10.9,1915,13 49 15.4,+60 11 32,3.95,0.25,NA,NA,1.11,0.95,2.61,2.89,L2::,LINER,2,very uncertain,232.2,4.4
NGC 5354,S0 (spindle),12.4,2459,13 53 28.0,+40 17 58,2.81,0,1.68,8,2.25,0.14,1.34,1.29,T2/L2:,Transition,2,uncertain,217.4,6.4
NGC 5353,S0.1(7)/E7,12,2107,13 53 28.0,+40 16 46,2.94,0,1.1,392,1.22,0.19,1.71,0.83,L2/T2:,LINER,2,uncertain,286.4,5.4
NGC 5371,SB(sr)b I,11.4,2575,13 55 39.3,+40 27 45,3.36,0.08,1.42,30,2.07,0.28,2.36,1.48,L2,LINER,2,confident,179.8,7.8
NGC 5363,[S0.3(5)],11,1121,13 56 07.7,+05 15 21,7.98,0.96,1.31,125,2.38,0.22,1.3,1.12,L2,LINER,2,confident,227.3,8.8
NGC 5364,S(r)c I,11,1267,13 56 12.9,+05 00 57,2.59,0,1,588,0.3,0.056,0.49,0.26,H,H II,NA,confident,22.2,8.9
NGC 5377,SBa or Sa,12,1830,13 56 15.8,+47 14 16,4.65,0.41,1.29,145,2,0.25,2.15,1.68,L2,LINER,2,confident,169.7,8.3
NGC 5383,SB(s)b II,12,2226,13 57 05.6,+41 51 00,5.5,0.66,1.28,155,0.16,0.034,0.36,0.23,H,H II,NA,confident,96.5,8.7
NGC 5395,Sb II,12.3,3505,13 58 38.6,+37 23 39,4.95,0.47,1.15,314,3.03,0.17,1.23,0.76,S2/L2,Seyfert,2,confident,145.5,8.2
NGC 5448,S(s)a,12.2,1973,14 02 50.4,+49 10 24,7.63,0.91,1.28,155,0.93,0.2,1.03,1.15,L2,LINER,2,confident,124.5,8.1
NGC 5457,S(s)c I,8.1,221,14 03 14.2,+54 21 13,3.97,0.33,1.28,155,0.24,0.017,0.38,0.25,H,H II,NA,confident,23.6,8.7
NGC 5473,SB0.1(3),12.3,2040,14 04 43.7,+54 53 35,NA,NA,NA,NA,NA,NA,NA,NA,NA,NA,NA,NA,220.5,8.8
NGC 5474,S(s)cd pec IV,11.3,230,14 05 01.7,+53 39 41,2.72,0,1.47,8,1.76,0.024,0.14,0.27,H,H II,NA,confident,29,8.6
NGC 5485,S0.3(2),12.4,1985,14 07 10.6,+54 59 58,2.81,0,1.82,8,2.55,0.21,1.83,0.83,L2:,LINER,2,uncertain,207.5,8.5
NGC 5523,S(s)c II-III,12.4,1044,14 14 51.3,+25 19 04,4.25,0.4,1.43,23,0.21,0.022,0.33,0.41,H,H II,NA,confident,30.1,8.5
NGC 5548,Sa,13.1,5026,14 17 59.0,+25 08 11,1.28,0,0.92,803,10.09,0.36,0.88,0.66,S1.5,Seyfert,1,confident,291,12
NGC 5557,E2,12,3195,14 18 25.8,+36 29 37,NA,NA,NA,NA,NA,NA,NA,NA,NA,NA,NA,NA,295.3,10.2
NGC 5566,SB(r)a II,11.3,1457,14 20 20.1,+03 55 59,3.64,0.16,0.97,662,1.85,0.2,1.75,1.37,L2,LINER,2,confident,159.5,7.4
NGC 5585,S(s)d IV,11.3,303,14 19 47.5,+56 43 47,3.12,0.09,1.43,23,1.7,0.017,0.15,0.32,H,H II,NA,confident,42,NA
NGC 5576,E4 (tides?),11.7,1509,14 21 04.5,+03 16 13,NA,NA,NA,NA,NA,NA,NA,NA,NA,NA,NA,NA,182.3,7.3
NGC 5631,S0.3(2)/a,12.4,1979,14 26 33.4,+56 34 34,4.41,0.36,1.11,376,3.45,0.44,2.61,2.63,S2/L2:,Seyfert,2,uncertain,168.1,8.2
NGC 5638,E1,12.2,1667,14 29 40.4,+03 13 59,NA,NA,NA,NA,NA,NA,NA,NA,NA,NA,NA,NA,165,3.5
NGC 5660,S(s)c I.2,12.3,2319,14 29 50.0,+49 37 30,3.91,0.32,1.26,176,0.17,0.022,0.41,0.29,H,H II,NA,confident,60.7,9.4
NGC 5656,Sab,12.4,3192,14 30 22.9,+35 19 17,2.36,0,2.12,8,1.27,0.14,0.94,0.68,T2::,Transition,2,very uncertain,116.7,9
NGC 5669,SB(r)c I-II,12,1338,14 32 43.5,+09 53 25,4.57,0.47,1.41,38,0.39,0.015,0.28,0.34,H,H II,NA,confident,32.4,15.2
NGC 5678,S(s)c II-III,12,2267,14 32 06.1,+57 55 13,5.31,0.54,1.41,38,0.63,0.079,0.64,0.44,T2,Transition,2,confident,132.8,10.2
NGC 5668,S(s)c II-III,12.1,1574,14 33 24.5,+04 27 03,NA,NA,NA,NA,NA,NA,NA,NA,NA,NA,NA,NA,53,NA
NGC 5676,S(s)c II,11.6,2141,14 32 47.5,+49 27 38,3.21,0.12,1.25,187,0.26,0.031,0.45,0.27,H,H II,NA,confident,116.7,8.9
NGC 5690,S(s)c II:,12.5,1778,14 37 41.0,+02 17 26,10.9,1.35,1.46,8,0.21,0.022,0.32,0.38,H,H II,NA,confident,64.3,NA
NGC 5701,(R)SBa,11.8,1556,14 39 10.7,+05 21 54,2.11,0,1.13,344,1.57,0.14,0.76,0.75,T2:,Transition,2,uncertain,124.3,7.4
NGC 5746,Sb,11.5,1774,14 44 55.2,+01 57 17,6.71,0.78,1.08,426,2.21,0.1,2.08,0.87,T2,Transition,2,confident,200.1,8.3
NGC 5775,Sc (on edge),12.2,1563,14 53 57.9,+03 32 37,4.86,0.54,1.48,8,0.28,0.044,0.41,0.35,H,H II,NA,confident,100.3,7.4
NGC 5806,S(s)b II.8,12.3,1351,15 00 00.1,+01 53 31,4.38,0.35,1.33,106,0.65,0.066,0.58,0.35,H,H II,NA,confident,124.7,9.1
NGC 5813,E1,11.6,1924,15 01 11.3,+01 42 05,2.57,0,0.82,1196,1.35,0.19,2.16,1.54,L2:,LINER,2,uncertain,238.7,4.8
NGC 5831,E4/S0.1,12.5,1667,15 04 06.7,+01 13 14,NA,NA,NA,NA,NA,NA,NA,NA,NA,NA,NA,NA,164.4,4.7
NGC 5838,S0.2(5),11.7,1363,15 05 25.9,+02 06 00,8.95,1.07,NA,NA,1.19,0.053,1.16,0.56,T2::,Transition,2,very uncertain,265.7,9.3
NGC 5846,S0.1,11.1,1710,15 06 28.3,+01 36 16,3.77,0.2,1.25,187,1.24,0.091,1.57,0.97,T2:,Transition,2,uncertain,236.8,4.4
NGC 5850,SB(rs)b I-II,11.7,2483,15 07 07.4,+01 32 42,4.12,0.29,1.45,8,2.38,0.22,1.69,1.43,L2,LINER,2,confident,140.4,6.9
NGC 5866,S0.3(8),10.8,769,15 06 29.4,+55 45 48,6.83,0.8,1.32,115,2.09,0.13,1.34,0.74,T2,Transition,2,confident,169.1,8
NGC 5879,S(s)b II,12.1,791,15 09 46.9,+57 00 04,5.25,0.53,1.35,88,1.94,0.16,0.94,0.97,T2/L2,Transition,2,confident,73.9,8.7
NGC 5905,SB(sr)bc I,12.3,3331,15 15 22.5,+55 31 04,4.27,0.41,1.19,259,0.27,0.015,0.4,0.24,H,H II,NA,confident,174.6,9
NGC 5907,Sc (on edge),11.1,522,15 15 55.1,+56 19 24,11.81,1.35,1.2,247,1.07,0.031,0.6,0.34,H:,H II,NA,uncertain,120.2,7.1
NGC 5921,SB(s)bc I-II,11.5,1457,15 21 57.1,+05 04 12,4.4,0.35,1.23,210,1.01,0.11,0.9,0.61,T2,Transition,2,confident,83.9,9.2
NGC 5962,S(s)c II.3,12.1,1993,15 36 31.6,+16 36 33,4.5,0.46,1.18,273,0.55,0.027,0.51,0.24,H,H II,NA,confident,106.3,9.5
NGC 5970,SB(r)bc II,12.1,2063,15 38 30.0,+12 11 16,2.39,0,1.12,360,1.41,0.18,1.45,1.09,L2/T2:,LINER,2,uncertain,116.3,9
NGC 5982,E3,12,2904,15 38 39.6,+59 21 25,0.86,0,1.59,8,1.08,0.49,2.42,0.71,L2::,LINER,2,very uncertain,239.4,5.2
NGC 5985,SB(r)b I,11.8,2467,15 39 37.4,+59 19 58,3.98,0.25,1.26,176,2.65,0.3,3.08,1.51,L2,LINER,2,confident,157.6,7.5
NGC 6015,S(s)c II-III,11.7,682,15 51 24.8,+62 18 36,5.37,0.64,1.37,70,0.42,0.031,0.47,0.37,H,H II,NA,confident,43.5,8.8
NGC 6070,S(s)c I-II,12.3,2007,16 09 59.0,+00 42 36,5.37,0.64,1.12,360,0.21,0.034,0.44,0.23,H,H II,NA,confident,93.7,9.1
NGC 6140,SB(s)c pec,12.4,793,16 20 57.0,+65 23 30,4.85,0.53,1.39,54,0.62,0.032,0.29,0.41,H,H II,NA,confident,49.4,8.9
NGC 6181,S(s)c II,12.5,2253,16 32 21.4,+19 49 36,4.57,0.47,1.23,210,0.17,0.029,0.48,0.27,H,H II,NA,confident,125.2,9
NGC 6217,RSB(s)bc II,11.8,1368,16 32 38.1,+78 11 52,3.75,0.27,0.98,636,0.28,0.032,0.64,0.29,H,H II,NA,confident,70.3,10
NGC 6207,S(s)c III,12.1,853,16 43 04.5,+36 50 08,3.24,0.13,1.41,38,0.61,0.016,0.28,0.3,H,H II,NA,confident,92.1,10
NGC 6236,SB(s)cd,12.5,1280,16 44 31.9,+70 46 50,3.92,0.32,1.68,8,1.41,0.041,0.17,0.28,H,H II,NA,confident,46.1,21.6
NGC 6340,S(r)a I,11.9,1104,17 10 24.8,+72 18 21,2.22,0,1.47,8,1.53,0.43,1.08,1.21,L2,LINER,2,confident,143.9,5.6
NGC 6384,S(r)b I.2,11.2,1690,17 32 24.5,+07 03 42,2.76,0,1.79,8,1.51,0.15,1.73,1.08,T2,Transition,2,confident,124.3,7.1
NGC 6412,SB(s)c I-II,12.3,1475,17 29 35.5,+75 42 09,3.39,0.17,1.39,54,0.11,0.012,0.28,0.23,H,H II,NA,confident,49.9,9
NGC 6482,E2,12.1,3922,17 51 49.3,+23 04 20,NA,NA,0.97,662,NA,0.13,2.33,1.94,T2/S2::,Transition,2,very uncertain,310.4,11.5
NGC 6503,S(s)c II.8,10.9,26,17 49 26.9,+70 08 45,NA,NA,1.37,70,NA,0.08,0.65,0.74,T2/S2:,Transition,2,uncertain,46,3
NGC 6500,Sbc:,12.9,2975,17 55 59.6,+18 20 20,3.31,0.07,1.13,344,1.4,0.23,0.73,0.96,L2,LINER,2,confident,214,6
NGC 6501,S0+?,13.2,2972,17 56 03.6,+18 22 26,NA,NA,NA,NA,NA,0.87,2.98,8.18,L2::,LINER,2,very uncertain,235,10.7
NGC 6643,S(s)c II,11.7,1454,18 19 46.9,+74 34 12,5.63,0.69,1.36,79,0.19,0.007,0.32,0.24,H,H II,NA,confident,95.4,9.2
NGC 6654,RSB(s)0/a,12.4,1891,18 24 08.2,+73 11 00,NA,NA,NA,NA,NA,NA,NA,NA,NA,NA,NA,NA,172.2,7.6
NGC 6689,Sc? (spindle),12.4,488,18 34 49.3,+70 31 39,4.13,0.37,1.45,8,1.87,0.067,0.4,0.62,H,H II,NA,confident,26,11
NGC 6702,E,13.2,4712,18 46 56.8,+45 42 21,NA,NA,NA,NA,NA,0.62,2.41,5.14,L2::,LINER,2,very uncertain,173.6,4.9
NGC 6703,S0^-^,12.3,2365,18 47 19.1,+45 33 04,1.48,0,1.12,360,1.4,0.36,3,1.47,L2::,LINER,2,very uncertain,179.9,3.7
NGC 6946,S(s)c II,9.6,7,20 34 51.1,+60 09 25,9.03,1.16,0.97,662,0.38,0.038,0.64,0.32,H,H II,NA,confident,55.8,9.4
NGC 6951,SB(sr)b I.3,12.2,1331,20 37 14.5,+66 06 28,12.41,1.4,0.97,662,6.62,0.23,2.48,0.91,S2,Seyfert,2,confident,127.8,9.1
NGC 7080,SB(r)b,13.1,4806,21 30 01.3,+26 43 12,NA,NA,1.05,482,NA,0.042,0.6,0.25,H,H II,NA,confident,95.3,9.4
NGC 7177,S(r)ab II.2,11.9,1112,22 00 41.1,+17 44 21,4.76,0.43,1.36,79,1.01,0.14,0.68,1.11,T2,Transition,2,confident,124.1,3.7
NGC 7217,S(r)b II-III,11,935,22 07 50.6,+31 21 42,6.83,0.8,1.13,344,2.17,0.25,3.13,1.48,L2,LINER,2,confident,141.4,7.4
NGC 7331,S(sr)b I-II,10.3,835,22 37 04.4,+34 25 05,3.92,0.24,1.44,15,2.79,0.097,1.44,0.55,T2,Transition,2,confident,137.2,3.5
NGC 7332,S0.(2-3)(8),11.7,1202,22 37 24.3,+23 47 54,NA,NA,NA,NA,NA,NA,NA,NA,NA,NA,NA,NA,124.1,3.5
NGC 7448,S(r)c II.2,12.1,2419,23 00 03.8,+15 58 55,5.17,0.6,1.47,8,0.38,0.051,0.43,0.4,H,H II,NA,confident,77.6,9.1
NGC 7457,S0.1(5),11.8,824,23 01 00.8,+30 08 50,NA,NA,NA,NA,NA,NA,NA,NA,NA,NA,NA,NA,69.4,4.2
NGC 7479,SB(s)bc I-II,11.7,2394,23 04 56.3,+12 19 12,9.29,1.11,1.36,79,3.87,0.15,1.16,0.7,S1.9,Seyfert,1,confident,154.7,8.5
NGC 7619,E3,12.2,3804,23 20 15.1,+08 12 38,NA,NA,NA,NA,NA,NA,NA,NA,NA,NA,NA,NA,322,5.8
NGC 7626,E1,12.2,3423,23 20 42.1,+08 13 03,3.1,0,1.3,135,1.62,0.22,2.35,1.28,L2::,LINER,2,very uncertain,275.1,5.2
NGC 7640,SB(s)c II:,11.4,389,23 22 07.0,+40 50 40,2.44,0,1.51,8,0.77,0.072,0.26,0.55,H,H II,NA,confident,48.1,22.5
NGC 7741,SB(s)c II.2,11.8,755,23 43 54.3,+26 04 33,4.06,0.35,1.37,70,0.75,0.013,0.25,0.33,H,H II,NA,confident,29.4,8.9
NGC 7742,S(r)a,12.2,1661,23 44 15.8,+10 45 57,2.49,0,1.28,155,2.52,0.13,1,0.77,T2/L2,Transition,2,confident,73.3,8.8
NGC 7743,SBa,12,1722,23 44 21.9,+09 55 58,5.85,0.64,1.11,376,5.68,0.24,1.65,0.9,S2,Seyfert,2,confident,89.3,9.1
NGC 7798,S,12.4,2662,23 59 25.6,+20 45 12,5.09,0.58,1.03,523,0.28,0.034,0.64,0.35,H,H II,NA,confident,75.1,9.2
