entry_id,gender,classification,country,category,language,greyson_score,post_date,exp_date,narrative_length,ai_obe,ai_unity,ai_hellish,ai_clinical,ai_esp,ai_past_lives,ai_world_future,ai_aliens
1,M,NDE,Soviet Union,NDE,english,0,1999-02-07T00:00:00Z,NA,7146,TRUE,TRUE,FALSE,TRUE,FALSE,FALSE,FALSE,FALSE
2,F,NDE,United States,NDE,english,3,1999-02-07T00:00:00Z,1960-01-18T00:00:00Z,8188,TRUE,FALSE,FALSE,TRUE,FALSE,FALSE,FALSE,FALSE
3,F,NDE,United States,NDE,english,17,NA,1975-09-17T00:00:00Z,12889,TRUE,FALSE,FALSE,TRUE,FALSE,FALSE,FALSE,FALSE
4,M,NDE,Vietnam,NDE,english,0,1999-02-07T00:00:00Z,1969-05-03T00:00:00Z,9449,TRUE,TRUE,FALSE,TRUE,FALSE,FALSE,FALSE,FALSE
5,F,NDE,NA,NDE,english,0,2008-01-13T00:00:00Z,NA,3579,FALSE,FALSE,FALSE,TRUE,FALSE,FALSE,FALSE,FALSE
6,F,NDE,NA,NDE,english,0,2008-01-13T00:00:00Z,NA,5142,FALSE,FALSE,FALSE,TRUE,FALSE,FALSE,FALSE,FALSE
7,F,NDE,United States,NDE,english,0,2008-01-13T00:00:00Z,1945-01-18T00:00:00Z,2257,TRUE,FALSE,FALSE,TRUE,FALSE,FALSE,FALSE,FALSE
10,M,NDE,NA,NDE,english,0,2008-01-13T00:00:00Z,NA,1573,TRUE,FALSE,FALSE,TRUE,FALSE,FALSE,FALSE,FALSE
13,F,NDE,Mexico,NDE,english,0,2008-01-13T00:00:00Z,1980-06-22T00:00:00Z,7468,FALSE,FALSE,FALSE,TRUE,FALSE,FALSE,FALSE,FALSE
14,F,NDE,United States,NDE,english,0,2008-01-13T00:00:00Z,1996-08-18T00:00:00Z,1206,FALSE,FALSE,FALSE,TRUE,FALSE,FALSE,FALSE,FALSE
15,M,NDE,Canada,NDE,english,0,2008-01-13T00:00:00Z,1986-08-10T00:00:00Z,5929,TRUE,FALSE,FALSE,TRUE,TRUE,FALSE,FALSE,FALSE
16,M,NDE,United States,NDE,english,0,2008-01-13T00:00:00Z,1963-09-17T00:00:00Z,8974,TRUE,FALSE,FALSE,TRUE,TRUE,FALSE,FALSE,FALSE
17,M,NDE,United States,NDE,english,0,2008-01-13T00:00:00Z,1981-01-18T00:00:00Z,1786,TRUE,FALSE,FALSE,TRUE,FALSE,FALSE,FALSE,FALSE
19,M,NDE,United States,NDE,english,0,2008-01-13T00:00:00Z,1968-01-18T00:00:00Z,10636,FALSE,FALSE,FALSE,TRUE,FALSE,FALSE,FALSE,FALSE
21,F,NDE,United States,NDE,english,0,1999-02-07T00:00:00Z,NA,12970,TRUE,FALSE,FALSE,TRUE,FALSE,FALSE,FALSE,FALSE
24,M,NDE,United States,NDE,english,0,2008-01-13T00:00:00Z,1982-01-18T00:00:00Z,13583,TRUE,FALSE,FALSE,TRUE,FALSE,FALSE,TRUE,FALSE
25,F,NDE,Australia,NDE,english,0,2008-01-13T00:00:00Z,1990-09-18T00:00:00Z,2237,TRUE,FALSE,FALSE,TRUE,FALSE,FALSE,FALSE,FALSE
26,M,Probable NDE,United States,Probable NDE,english,0,2008-01-13T00:00:00Z,1992-01-18T00:00:00Z,5920,FALSE,FALSE,FALSE,TRUE,FALSE,FALSE,FALSE,FALSE
28,F,Probable NDE,United States,Probable NDE,english,0,2008-01-13T00:00:00Z,1961-01-18T00:00:00Z,9317,TRUE,FALSE,FALSE,TRUE,FALSE,FALSE,FALSE,FALSE
29,M,NDE,United States,NDE,english,0,2008-01-13T00:00:00Z,1961-09-17T00:00:00Z,1795,TRUE,FALSE,FALSE,TRUE,TRUE,FALSE,FALSE,FALSE
30,F,NDE,NA,NDE,english,0,2008-01-13T00:00:00Z,1955-05-25T00:00:00Z,2572,FALSE,FALSE,FALSE,TRUE,FALSE,FALSE,FALSE,FALSE
31,M,NDE,United States,NDE,english,0,2008-01-13T00:00:00Z,1996-06-21T00:00:00Z,5436,TRUE,FALSE,FALSE,TRUE,FALSE,FALSE,FALSE,FALSE
32,M,NDE,United States,NDE,english,0,2008-01-13T00:00:00Z,1936-01-18T00:00:00Z,2733,FALSE,FALSE,FALSE,FALSE,FALSE,FALSE,FALSE,FALSE
39,M,NDE,United States,NDE,english,0,2008-01-13T00:00:00Z,1968-05-24T00:00:00Z,3554,TRUE,FALSE,FALSE,TRUE,FALSE,FALSE,FALSE,FALSE
40,F,NDE,United States,NDE,english,0,2008-01-13T00:00:00Z,1992-01-08T00:00:00Z,2944,FALSE,FALSE,FALSE,TRUE,FALSE,FALSE,FALSE,FALSE
41,M,NDE,United States,NDE,english,0,2008-01-13T00:00:00Z,1971-11-12T00:00:00Z,5160,FALSE,FALSE,FALSE,FALSE,FALSE,FALSE,FALSE,FALSE
42,M,NDE,United States,Drug Experience,english,0,1999-02-17T00:00:00Z,NA,7939,TRUE,FALSE,FALSE,TRUE,FALSE,FALSE,FALSE,FALSE
45,M,NDE,United States,NDE,english,0,2008-01-13T00:00:00Z,1998-12-23T00:00:00Z,3714,FALSE,FALSE,FALSE,TRUE,FALSE,FALSE,FALSE,FALSE
46,M,NDE,United States,NDE,english,0,2008-01-13T00:00:00Z,1996-03-13T00:00:00Z,4499,TRUE,FALSE,FALSE,TRUE,TRUE,FALSE,FALSE,FALSE
47,F,NDE,United States,NDE,english,0,1999-02-07T00:00:00Z,NA,19418,TRUE,FALSE,FALSE,TRUE,FALSE,FALSE,FALSE,FALSE
64,F,NDE,United States,NDE,english,0,2008-01-13T00:00:00Z,1950-01-01T00:00:00Z,4313,FALSE,FALSE,FALSE,TRUE,FALSE,FALSE,FALSE,FALSE
68,F,Probable NDE,unknown,Probable NDE,english,0,2008-01-13T00:00:00Z,1994-05-05T00:00:00Z,8988,FALSE,TRUE,FALSE,FALSE,FALSE,FALSE,FALSE,FALSE
70,M,NDE,United States,NDE,english,20,2006-01-08T00:00:00Z,1963-01-18T00:00:00Z,78070,TRUE,TRUE,FALSE,TRUE,TRUE,FALSE,TRUE,FALSE
71,M,NDE,United States,NDE,english,0,2008-01-13T00:00:00Z,1963-08-09T00:00:00Z,10729,TRUE,FALSE,FALSE,TRUE,TRUE,FALSE,FALSE,FALSE
75,M,NDE,United States,NDE,english,0,NA,1970-06-18T00:00:00Z,3137,FALSE,FALSE,FALSE,TRUE,FALSE,FALSE,FALSE,FALSE
77,F,NDE,Australia,NDE,english,1,NA,1997-01-18T00:00:00Z,2773,FALSE,FALSE,FALSE,TRUE,TRUE,FALSE,FALSE,FALSE
78,M,NDE,United States,NDE,english,3,NA,1996-02-16T00:00:00Z,3008,FALSE,FALSE,FALSE,TRUE,FALSE,FALSE,TRUE,FALSE
79,F,NDE,United States,NDE,english,2,NA,1983-07-18T00:00:00Z,8094,TRUE,FALSE,FALSE,TRUE,FALSE,FALSE,FALSE,FALSE
81,M,NDE,United States,NDE,english,3,NA,1978-03-05T00:00:00Z,12989,TRUE,FALSE,TRUE,TRUE,FALSE,FALSE,FALSE,FALSE
84,M,Probable NDE,United States,Probable NDE,english,1,NA,1952-07-18T00:00:00Z,1220,TRUE,FALSE,FALSE,TRUE,FALSE,FALSE,FALSE,FALSE
85,F,NDE,United States,NDE,english,3,NA,NA,4328,TRUE,FALSE,FALSE,TRUE,FALSE,FALSE,FALSE,FALSE
86,M,NDE,United States,NDE,english,2,NA,1998-08-27T00:00:00Z,6262,FALSE,FALSE,TRUE,TRUE,FALSE,FALSE,FALSE,FALSE
87,M,NDE,United States,NDE,english,3,NA,1990-03-03T00:00:00Z,2190,FALSE,FALSE,FALSE,TRUE,FALSE,FALSE,FALSE,FALSE
90,M,NDE,United States,NDE,english,3,NA,1994-10-23T00:00:00Z,2011,FALSE,FALSE,TRUE,FALSE,FALSE,FALSE,FALSE,FALSE
91,F,NDE,United States,NDE,english,1,NA,1962-10-31T00:00:00Z,3328,TRUE,FALSE,FALSE,FALSE,TRUE,FALSE,FALSE,FALSE
92,M,Probable NDE,United States,Probable NDE,english,3,NA,1996-01-01T00:00:00Z,2780,TRUE,FALSE,FALSE,TRUE,FALSE,FALSE,FALSE,FALSE
93,M,NDE,United States,NDE,english,3,NA,1997-12-31T00:00:00Z,4289,TRUE,FALSE,FALSE,TRUE,FALSE,FALSE,FALSE,FALSE
95,M,NDE,United States,NDE,english,2,NA,1998-02-18T00:00:00Z,4029,FALSE,FALSE,FALSE,TRUE,FALSE,FALSE,FALSE,FALSE
101,F,Probable NDE,United States,Probable NDE,english,3,NA,1991-08-18T00:00:00Z,6355,FALSE,FALSE,FALSE,TRUE,FALSE,FALSE,FALSE,FALSE
102,F,FDE,United States,FDE,english,3,NA,1989-10-18T00:00:00Z,4638,FALSE,FALSE,FALSE,FALSE,FALSE,FALSE,FALSE,FALSE
103,M,NDE,United States,NDE,english,3,NA,1991-01-01T00:00:00Z,4005,TRUE,FALSE,FALSE,TRUE,FALSE,FALSE,FALSE,FALSE
104,M,NDE,United States,NDE,english,3,NA,1972-01-01T00:00:00Z,2019,FALSE,FALSE,FALSE,TRUE,FALSE,FALSE,FALSE,FALSE
106,M,NDE,United States,NDE,english,2,NA,1981-11-01T00:00:00Z,25974,TRUE,FALSE,FALSE,TRUE,FALSE,FALSE,FALSE,FALSE
107,F,NDE,United States,NDE,english,1,NA,1980-08-18T00:00:00Z,4900,TRUE,FALSE,FALSE,TRUE,FALSE,FALSE,FALSE,FALSE
109,M,NDE,United States,NDE,english,2,NA,1988-07-18T00:00:00Z,7377,FALSE,FALSE,FALSE,TRUE,FALSE,FALSE,FALSE,FALSE
110,M,NDE,United States,NDE,english,2,NA,1999-01-06T00:00:00Z,3368,TRUE,FALSE,FALSE,TRUE,FALSE,FALSE,FALSE,FALSE
116,F,NDE,United States,NDE,english,3,NA,1999-05-18T00:00:00Z,6183,TRUE,FALSE,FALSE,TRUE,FALSE,FALSE,FALSE,FALSE
118,M,NDE,United States,NDE,english,0,NA,1996-11-26T00:00:00Z,2992,FALSE,FALSE,FALSE,TRUE,FALSE,FALSE,FALSE,FALSE
121,M,Possible NDE,United States,Possible NDE,english,2,NA,1993-10-14T00:00:00Z,5413,TRUE,FALSE,FALSE,TRUE,FALSE,FALSE,FALSE,FALSE
122,M,NDE,Australia,NDE,english,4,NA,1977-12-18T00:00:00Z,18391,TRUE,FALSE,FALSE,TRUE,TRUE,FALSE,FALSE,FALSE
124,F,NDE,United States,NDE,english,1,NA,1997-08-30T00:00:00Z,2522,FALSE,FALSE,FALSE,TRUE,FALSE,FALSE,FALSE,FALSE
125,F,Probable NDE,United States,Probable NDE,english,2,NA,1992-01-01T00:00:00Z,4852,FALSE,FALSE,FALSE,TRUE,FALSE,FALSE,FALSE,FALSE
126,F,NDE,United States,NDE,english,4,NA,1998-05-02T00:00:00Z,7444,TRUE,FALSE,FALSE,TRUE,TRUE,FALSE,TRUE,FALSE
127,M,NDE,United States,NDE,english,2,NA,NA,7071,TRUE,FALSE,TRUE,TRUE,FALSE,FALSE,FALSE,FALSE
130,F,NDE,United States,NDE,english,2,NA,NA,3166,FALSE,FALSE,FALSE,TRUE,FALSE,FALSE,FALSE,FALSE
131,F,NDE,United States,NDE,english,1,NA,1983-01-01T00:00:00Z,9952,FALSE,FALSE,FALSE,TRUE,FALSE,FALSE,FALSE,FALSE
133,F,NDE,United States,NDE,english,1,NA,1980-01-18T00:00:00Z,5049,TRUE,FALSE,FALSE,TRUE,FALSE,FALSE,FALSE,FALSE
135,M,NDE,Australia,NDE,english,3,NA,1972-01-18T00:00:00Z,7287,TRUE,FALSE,FALSE,TRUE,FALSE,FALSE,FALSE,FALSE
138,F,NDE,United States,NDE,english,2,NA,1994-01-01T00:00:00Z,6331,TRUE,FALSE,TRUE,TRUE,FALSE,FALSE,FALSE,FALSE
144,M,NDE,United States,NDE,english,1,NA,1985-06-02T00:00:00Z,3852,TRUE,FALSE,FALSE,TRUE,FALSE,FALSE,FALSE,FALSE
149,F,NDE,United States,NDE,english,3,NA,1976-10-18T00:00:00Z,3247,TRUE,FALSE,FALSE,TRUE,TRUE,FALSE,FALSE,FALSE
150,F,Probable NDE,United States,Probable NDE,english,1,NA,1991-01-18T00:00:00Z,9697,TRUE,FALSE,TRUE,TRUE,FALSE,FALSE,FALSE,FALSE
154,F,NDE,Australia,NDE,english,0,NA,1998-10-02T00:00:00Z,7069,FALSE,FALSE,TRUE,TRUE,FALSE,FALSE,FALSE,FALSE
157,F,NDE,United States,NDE,english,0,NA,1985-05-18T00:00:00Z,3236,TRUE,FALSE,FALSE,TRUE,FALSE,FALSE,FALSE,FALSE
161,M,NDE,Canada,NDE,english,2,NA,1985-09-18T00:00:00Z,989,FALSE,FALSE,FALSE,TRUE,FALSE,FALSE,FALSE,TRUE
163,M,Possible NDE,Canada,Possible NDE,english,1,NA,1995-02-18T00:00:00Z,3097,FALSE,FALSE,FALSE,TRUE,FALSE,FALSE,FALSE,FALSE
164,M,NDE,United States,NDE,english,1,NA,NA,2317,FALSE,FALSE,FALSE,TRUE,FALSE,FALSE,FALSE,FALSE
165,F,NDE,United States,NDE,english,1,NA,1979-01-01T00:00:00Z,3586,FALSE,FALSE,FALSE,TRUE,FALSE,FALSE,FALSE,FALSE
166,F,NDE,United States,NDE,english,3,NA,1981-01-18T00:00:00Z,2702,TRUE,FALSE,FALSE,TRUE,FALSE,FALSE,FALSE,FALSE
167,F,NDE,United States,NDE,english,2,NA,1979-08-18T00:00:00Z,3940,FALSE,FALSE,FALSE,FALSE,FALSE,FALSE,FALSE,FALSE
168,F,NDE,Canada,NDE,english,2,NA,1999-01-01T00:00:00Z,3793,TRUE,FALSE,FALSE,FALSE,TRUE,FALSE,FALSE,FALSE
169,F,NDE,Russia,NDE,english,3,NA,1974-01-01T00:00:00Z,18202,FALSE,TRUE,FALSE,TRUE,FALSE,FALSE,FALSE,FALSE
171,M,NDE,United States,NDE,english,3,NA,1957-01-01T00:00:00Z,16175,TRUE,FALSE,FALSE,TRUE,FALSE,FALSE,FALSE,FALSE
179,F,NDE,United States,NDE,english,2,NA,NA,2935,TRUE,FALSE,FALSE,TRUE,FALSE,FALSE,FALSE,FALSE
180,M,Probable NDE,Canada,Probable NDE,english,0,NA,1980-10-06T00:00:00Z,2766,TRUE,FALSE,FALSE,TRUE,FALSE,FALSE,FALSE,FALSE
182,M,NDE,United States,Shared Death Experience,english,1,NA,1955-06-18T00:00:00Z,1834,FALSE,FALSE,FALSE,TRUE,FALSE,FALSE,FALSE,FALSE
183,F,NDE,United States,NDE,english,1,NA,1986-01-18T00:00:00Z,7310,FALSE,FALSE,FALSE,FALSE,FALSE,FALSE,FALSE,FALSE
184,M,NDE,United States,NDE,english,2,NA,1981-08-12T00:00:00Z,13921,FALSE,FALSE,FALSE,TRUE,FALSE,FALSE,TRUE,FALSE
187,F,NDE,United States,NDE,english,3,NA,1981-09-18T00:00:00Z,3758,TRUE,FALSE,FALSE,TRUE,FALSE,FALSE,FALSE,FALSE
188,M,Probable NDE,United States,Probable NDE,english,1,NA,1978-10-18T00:00:00Z,9345,FALSE,TRUE,FALSE,TRUE,FALSE,FALSE,FALSE,FALSE
189,F,NDE,United States,NDE,english,3,NA,1974-01-18T00:00:00Z,3964,TRUE,FALSE,FALSE,TRUE,FALSE,FALSE,FALSE,FALSE
190,M,Probable NDE,United States,Probable NDE,english,2,NA,1967-01-01T00:00:00Z,8844,TRUE,TRUE,FALSE,TRUE,FALSE,FALSE,FALSE,FALSE
193,F,NDE,United States,NDE,english,3,NA,NA,7261,TRUE,FALSE,FALSE,TRUE,FALSE,FALSE,FALSE,FALSE
194,F,NDE,United States,NDE,english,2,NA,1992-01-01T00:00:00Z,3546,TRUE,FALSE,FALSE,TRUE,FALSE,FALSE,FALSE,FALSE
196,M,NDE,United States,NDE,english,1,NA,1982-06-12T00:00:00Z,2818,TRUE,FALSE,FALSE,FALSE,FALSE,FALSE,FALSE,FALSE
197,M,NDE,United States,NDE,english,1,NA,NA,1639,TRUE,FALSE,FALSE,TRUE,FALSE,FALSE,FALSE,FALSE
198,M,NDE-Like,U,NDE-Like,english,1,NA,NA,2282,TRUE,FALSE,FALSE,TRUE,FALSE,FALSE,FALSE,FALSE
199,F,NDE,United States,NDE,english,1,NA,NA,2632,FALSE,FALSE,FALSE,TRUE,TRUE,FALSE,FALSE,FALSE
200,F,NDE,Australia,NDE,english,2,NA,NA,3504,TRUE,FALSE,FALSE,TRUE,TRUE,FALSE,FALSE,FALSE
202,M,NDE,United States,NDE,english,3,NA,1990-09-18T00:00:00Z,8101,FALSE,FALSE,FALSE,TRUE,FALSE,FALSE,FALSE,FALSE
205,F,NDE,Canada,NDE,english,2,NA,1992-01-18T00:00:00Z,3587,FALSE,FALSE,FALSE,TRUE,FALSE,FALSE,FALSE,FALSE
207,F,Probable NDE,United States,Probable NDE,english,3,NA,1990-12-29T00:00:00Z,2848,TRUE,FALSE,FALSE,TRUE,FALSE,FALSE,FALSE,FALSE
210,M,Probable NDE,England,Probable NDE,english,0,NA,1984-03-05T00:00:00Z,4085,TRUE,TRUE,FALSE,TRUE,FALSE,FALSE,FALSE,FALSE
214,M,NDE,United States,NDE,english,1,NA,1991-05-26T00:00:00Z,4522,FALSE,FALSE,FALSE,TRUE,FALSE,TRUE,FALSE,FALSE
215,M,NDE,United States,NDE,english,2,NA,1999-01-18T00:00:00Z,4076,FALSE,TRUE,FALSE,TRUE,FALSE,TRUE,FALSE,FALSE
216,M,Probable NDE,United States,Probable NDE,english,2,NA,NA,4924,FALSE,FALSE,TRUE,TRUE,FALSE,FALSE,FALSE,FALSE
220,F,NDE,England,NDE,english,2,NA,1997-01-15T00:00:00Z,6543,FALSE,FALSE,FALSE,TRUE,FALSE,FALSE,FALSE,FALSE
221,F,NDE,United States,NDE,english,6,2007-09-07T00:00:00Z,2000-04-18T00:00:00Z,7852,TRUE,FALSE,FALSE,TRUE,FALSE,FALSE,FALSE,FALSE
222,F,NDE,United States,NDE,english,1,NA,1964-01-01T00:00:00Z,3961,TRUE,FALSE,FALSE,TRUE,FALSE,FALSE,FALSE,FALSE
223,F,NDE,United States,NDE,english,0,NA,2024-01-14T00:00:00Z,6533,TRUE,FALSE,FALSE,TRUE,FALSE,FALSE,FALSE,FALSE
232,M,NDE,United States,NDE,english,2,NA,1958-01-18T00:00:00Z,5178,TRUE,FALSE,FALSE,TRUE,FALSE,FALSE,TRUE,FALSE
233,F,NDE,United States,NDE,english,1,NA,1995-03-18T00:00:00Z,4007,TRUE,FALSE,FALSE,TRUE,FALSE,FALSE,FALSE,FALSE
234,F,NDE,United States,NDE,english,0,NA,1995-02-13T00:00:00Z,5035,FALSE,FALSE,FALSE,TRUE,FALSE,FALSE,FALSE,FALSE
237,F,NDE,United States,NDE,english,2,NA,1979-08-09T00:00:00Z,5468,FALSE,FALSE,FALSE,TRUE,FALSE,FALSE,FALSE,FALSE
238,F,NDE,United States,NDE,english,2,NA,NA,32052,FALSE,TRUE,TRUE,TRUE,FALSE,FALSE,TRUE,FALSE
239,F,NDE,Australia,NDE,english,3,NA,1983-03-18T00:00:00Z,3274,TRUE,TRUE,FALSE,TRUE,FALSE,FALSE,FALSE,FALSE
241,M,NDE,Canada,NDE,english,2,NA,1991-11-18T00:00:00Z,8276,TRUE,TRUE,FALSE,TRUE,FALSE,FALSE,TRUE,FALSE
244,F,Probable NDE,United States,Probable NDE,english,1,NA,1996-02-24T00:00:00Z,6675,FALSE,FALSE,FALSE,TRUE,FALSE,FALSE,FALSE,FALSE
245,F,NDE,United States,NDE,english,2,NA,1955-01-01T00:00:00Z,6087,TRUE,TRUE,FALSE,TRUE,TRUE,FALSE,FALSE,FALSE
246,M,NDE,United States,NDE,english,19,NA,NA,11740,FALSE,FALSE,FALSE,FALSE,FALSE,FALSE,FALSE,FALSE
247,F,NDE,United States,NDE,english,3,NA,1997-01-28T00:00:00Z,6488,TRUE,FALSE,FALSE,TRUE,TRUE,FALSE,FALSE,FALSE
252,F,NDE,United States,NDE,english,2,NA,1988-04-25T00:00:00Z,3803,TRUE,FALSE,FALSE,TRUE,FALSE,FALSE,FALSE,FALSE
253,F,NDE,United States,NDE,english,1,NA,1995-01-18T00:00:00Z,3363,TRUE,FALSE,FALSE,TRUE,FALSE,FALSE,FALSE,FALSE
254,F,NDE,United States,NDE,english,3,NA,1996-01-18T00:00:00Z,2996,TRUE,FALSE,FALSE,TRUE,FALSE,FALSE,FALSE,FALSE
261,M,NDE,United States,NDE,english,2,NA,1990-05-10T00:00:00Z,5185,FALSE,FALSE,FALSE,TRUE,FALSE,FALSE,FALSE,FALSE
265,F,NDE,United States,NDE,english,2,NA,1984-06-18T00:00:00Z,3476,FALSE,FALSE,FALSE,TRUE,FALSE,FALSE,FALSE,FALSE
266,M,NDE,United States,NDE,english,2,NA,NA,2307,FALSE,FALSE,FALSE,TRUE,FALSE,FALSE,FALSE,FALSE
268,F,NDE,United States,NDE,english,2,NA,1981-08-21T00:00:00Z,2251,FALSE,FALSE,TRUE,TRUE,FALSE,FALSE,FALSE,FALSE
269,F,NDE,United States,NDE,english,2,NA,1972-11-18T00:00:00Z,6668,TRUE,FALSE,FALSE,TRUE,FALSE,FALSE,FALSE,FALSE
272,F,NDE,United States,NDE,english,2,NA,1999-06-28T00:00:00Z,3245,FALSE,FALSE,FALSE,TRUE,FALSE,FALSE,FALSE,FALSE
273,F,NDE,United States,NDE,english,4,NA,1988-01-18T00:00:00Z,6028,TRUE,TRUE,FALSE,FALSE,FALSE,FALSE,FALSE,FALSE
274,F,NDE,United States,NDE,english,0,NA,1979-01-18T00:00:00Z,1671,TRUE,FALSE,FALSE,TRUE,FALSE,FALSE,FALSE,FALSE
278,F,NDE,United States,NDE,english,2,NA,1992-11-18T00:00:00Z,8741,TRUE,FALSE,FALSE,TRUE,FALSE,FALSE,FALSE,FALSE
280,F,NDE,United States,NDE,english,3,NA,1984-01-01T00:00:00Z,3158,TRUE,FALSE,FALSE,TRUE,FALSE,FALSE,FALSE,FALSE
281,M,NDE,United States,NDE,english,0,NA,1999-09-12T00:00:00Z,4939,FALSE,FALSE,FALSE,TRUE,FALSE,FALSE,FALSE,FALSE
282,M,NDE,United States,NDE,english,3,NA,1995-04-25T00:00:00Z,3036,TRUE,FALSE,FALSE,TRUE,FALSE,FALSE,FALSE,FALSE
287,M,NDE,United States,NDE,english,19,2012-11-02T00:00:00Z,1971-01-01T00:00:00Z,25744,FALSE,FALSE,FALSE,TRUE,FALSE,TRUE,FALSE,FALSE
289,M,NDE,United States,NDE,english,4,NA,1979-01-01T00:00:00Z,2891,TRUE,FALSE,FALSE,TRUE,FALSE,FALSE,FALSE,FALSE
290,F,NDE,United States,NDE,english,1,NA,2000-02-18T00:00:00Z,8691,FALSE,FALSE,FALSE,TRUE,FALSE,FALSE,TRUE,FALSE
298,F,NDE,United States,NDE,english,2,NA,1997-06-18T00:00:00Z,8952,TRUE,TRUE,FALSE,TRUE,FALSE,FALSE,FALSE,FALSE
300,F,NDE,United States,NDE,english,0,NA,1975-01-18T00:00:00Z,1755,TRUE,FALSE,FALSE,TRUE,FALSE,FALSE,FALSE,FALSE
302,M,Probable NDE,United States,Probable NDE,english,3,NA,1995-12-13T00:00:00Z,7101,TRUE,FALSE,FALSE,TRUE,FALSE,FALSE,FALSE,FALSE
304,M,NDE,Mexico,NDE,english,3,NA,1968-01-01T00:00:00Z,3628,FALSE,FALSE,FALSE,TRUE,FALSE,FALSE,FALSE,FALSE
307,F,NDE,United States,NDE,english,3,NA,1965-01-01T00:00:00Z,14706,TRUE,TRUE,FALSE,TRUE,FALSE,FALSE,FALSE,FALSE
308,F,NDE,United States,NDE,english,4,NA,1958-01-18T00:00:00Z,3569,FALSE,FALSE,FALSE,TRUE,FALSE,FALSE,FALSE,FALSE
311,F,NDE,United States,NDE,english,0,NA,1990-06-18T00:00:00Z,3428,FALSE,FALSE,FALSE,TRUE,FALSE,FALSE,FALSE,FALSE
313,M,NDE,United States,NDE,english,2,NA,1981-10-28T00:00:00Z,2324,TRUE,FALSE,FALSE,TRUE,FALSE,FALSE,FALSE,FALSE
314,F,NDE,United States,NDE,english,3,NA,NA,14103,FALSE,TRUE,TRUE,TRUE,FALSE,FALSE,FALSE,FALSE
315,M,NDE,United States,NDE,english,3,NA,1996-01-01T00:00:00Z,5161,TRUE,FALSE,FALSE,TRUE,FALSE,FALSE,FALSE,FALSE
321,F,NDE,United States,NDE,english,3,NA,NA,27580,TRUE,TRUE,FALSE,TRUE,TRUE,FALSE,FALSE,FALSE
326,M,NDE,United States,NDE,english,2,NA,1959-01-18T00:00:00Z,3499,FALSE,FALSE,FALSE,TRUE,FALSE,FALSE,FALSE,FALSE
328,F,NDE,United States,NDE,english,1,NA,1964-03-25T00:00:00Z,2970,FALSE,FALSE,FALSE,TRUE,FALSE,FALSE,FALSE,FALSE
329,M,NDE,United States,NDE,english,0,NA,1984-06-18T00:00:00Z,4560,TRUE,FALSE,FALSE,TRUE,TRUE,FALSE,FALSE,FALSE
331,F,NDE,United States,NDE,english,1,NA,NA,5578,TRUE,FALSE,FALSE,TRUE,FALSE,FALSE,FALSE,FALSE
337,F,NDE,United States,NDE,english,1,NA,1979-05-18T00:00:00Z,2265,TRUE,FALSE,FALSE,TRUE,FALSE,FALSE,FALSE,FALSE
338,F,NDE,United States,NDE,english,1,NA,2000-10-07T00:00:00Z,6101,TRUE,FALSE,FALSE,TRUE,FALSE,FALSE,FALSE,FALSE
340,M,NDE,United States,NDE,english,2,NA,NA,5522,FALSE,FALSE,FALSE,TRUE,FALSE,FALSE,FALSE,FALSE
342,F,NDE,United States,NDE,english,3,NA,1995-06-30T00:00:00Z,3516,FALSE,FALSE,FALSE,TRUE,FALSE,FALSE,FALSE,FALSE
348,M,NDE,United States,NDE,english,1,NA,NA,9173,TRUE,FALSE,FALSE,TRUE,FALSE,FALSE,FALSE,FALSE
349,F,Probable NDE,United States,Probable NDE,english,1,NA,1974-10-18T00:00:00Z,3551,TRUE,FALSE,FALSE,TRUE,FALSE,FALSE,FALSE,FALSE
351,M,NDE,United States,NDE,english,1,NA,1996-05-16T00:00:00Z,7208,TRUE,FALSE,FALSE,TRUE,TRUE,FALSE,FALSE,FALSE
360,F,Probable NDE,United States,Probable NDE,english,3,NA,1997-06-18T00:00:00Z,1899,FALSE,FALSE,FALSE,TRUE,FALSE,FALSE,FALSE,FALSE
363,F,NDE,United States,NDE,english,2,NA,1997-07-23T00:00:00Z,2429,FALSE,FALSE,FALSE,TRUE,FALSE,TRUE,FALSE,FALSE
364,F,NDE,United States,NDE,english,3,NA,1977-02-16T00:00:00Z,2759,TRUE,FALSE,FALSE,TRUE,FALSE,FALSE,FALSE,FALSE
365,M,NDE,Vietnam,NDE,english,1,NA,NA,2358,FALSE,FALSE,FALSE,TRUE,FALSE,FALSE,FALSE,FALSE
366,F,Probable NDE,United States,Probable NDE,english,2,NA,NA,3012,TRUE,FALSE,FALSE,TRUE,FALSE,FALSE,FALSE,FALSE
367,M,Probable NDE,United States,Probable NDE,english,2,NA,1960-01-01T00:00:00Z,12251,TRUE,FALSE,FALSE,TRUE,FALSE,FALSE,FALSE,FALSE
372,F,NDE,United States,NDE,english,3,NA,NA,14103,FALSE,TRUE,TRUE,TRUE,FALSE,FALSE,FALSE,FALSE
373,M,Probable NDE,Canada,Probable NDE,english,1,NA,1990-01-15T00:00:00Z,3153,TRUE,FALSE,FALSE,TRUE,TRUE,FALSE,FALSE,FALSE
374,M,NDE,United States,NDE,english,19,NA,NA,11740,FALSE,FALSE,FALSE,FALSE,FALSE,FALSE,FALSE,FALSE
375,F,NDE,United States,NDE,english,2,NA,1977-01-18T00:00:00Z,10399,TRUE,FALSE,FALSE,TRUE,FALSE,FALSE,FALSE,FALSE
377,F,Probable NDE,United States,Probable NDE,english,3,NA,1975-12-19T00:00:00Z,3587,TRUE,TRUE,FALSE,TRUE,TRUE,FALSE,FALSE,FALSE
378,F,NDE,United States,NDE,english,14,2007-11-28T00:00:00Z,1979-11-07T00:00:00Z,6506,TRUE,FALSE,FALSE,TRUE,FALSE,FALSE,FALSE,FALSE
379,F,NDE,United States,NDE,english,2,NA,1974-01-18T00:00:00Z,3369,FALSE,FALSE,FALSE,TRUE,FALSE,FALSE,FALSE,FALSE
384,M,NDE,United States,NDE,english,2,NA,1982-06-12T00:00:00Z,4035,TRUE,FALSE,FALSE,TRUE,TRUE,FALSE,FALSE,FALSE
385,M,NDE,United States,NDE,english,0,NA,1987-06-18T00:00:00Z,2750,FALSE,FALSE,FALSE,TRUE,FALSE,FALSE,FALSE,FALSE
386,F,NDE,United States,NDE,english,0,NA,1949-06-18T00:00:00Z,9217,FALSE,TRUE,FALSE,TRUE,FALSE,FALSE,FALSE,FALSE
389,F,NDE,Canada,NDE,english,1,NA,1974-09-06T00:00:00Z,9248,TRUE,FALSE,FALSE,TRUE,FALSE,FALSE,FALSE,FALSE
390,M,NDE,United States,NDE,english,3,NA,1988-01-01T00:00:00Z,9109,TRUE,TRUE,FALSE,TRUE,FALSE,FALSE,FALSE,FALSE
397,M,NDE,United States,NDE,english,1,NA,1976-01-01T00:00:00Z,9866,TRUE,FALSE,FALSE,TRUE,FALSE,FALSE,FALSE,FALSE
400,M,NDE,Canada,NDE,english,3,NA,1961-01-01T00:00:00Z,2132,TRUE,FALSE,FALSE,TRUE,FALSE,FALSE,TRUE,FALSE
404,F,NDE,Australia,NDE,english,2,NA,1989-07-18T00:00:00Z,7404,FALSE,TRUE,FALSE,TRUE,FALSE,FALSE,TRUE,FALSE
406,M,NDE,United States,NDE,english,2,NA,1990-07-18T00:00:00Z,13617,TRUE,FALSE,FALSE,TRUE,TRUE,FALSE,FALSE,FALSE
407,M,NDE,United States,NDE,english,2,NA,1985-01-01T00:00:00Z,3095,FALSE,FALSE,FALSE,TRUE,FALSE,FALSE,TRUE,FALSE
408,M,NDE,United States,NDE,english,3,NA,1978-06-18T00:00:00Z,39492,TRUE,TRUE,FALSE,TRUE,TRUE,FALSE,TRUE,TRUE
413,F,NDE,United States,NDE,english,1,NA,NA,1811,TRUE,FALSE,FALSE,FALSE,FALSE,FALSE,FALSE,FALSE
416,M,NDE,Australia,NDE,english,NA,NA,NA,7901,TRUE,FALSE,FALSE,TRUE,FALSE,FALSE,FALSE,FALSE
418,F,NDE,United States,NDE,english,4,NA,1971-10-24T00:00:00Z,2742,TRUE,FALSE,FALSE,TRUE,FALSE,FALSE,FALSE,FALSE
424,F,Probable NDE,United States,Probable NDE,english,2,NA,1973-09-18T00:00:00Z,5547,TRUE,FALSE,TRUE,TRUE,FALSE,FALSE,FALSE,FALSE
426,F,NDE,Bridgeport,NDE,english,3,NA,1995-01-01T00:00:00Z,4431,TRUE,FALSE,TRUE,TRUE,FALSE,FALSE,FALSE,FALSE
427,M,NDE,United States,NDE,english,3,NA,2001-05-01T00:00:00Z,2084,FALSE,FALSE,FALSE,TRUE,FALSE,FALSE,FALSE,FALSE
428,M,NDE,United States,NDE,english,3,NA,1999-11-20T00:00:00Z,17267,TRUE,FALSE,FALSE,TRUE,FALSE,FALSE,FALSE,FALSE
430,F,NDE,Ohio,NDE,english,3,NA,NA,4127,FALSE,FALSE,FALSE,TRUE,FALSE,FALSE,FALSE,FALSE
432,F,NDE,United States,NDE,english,2,NA,NA,32052,FALSE,TRUE,TRUE,TRUE,FALSE,FALSE,TRUE,FALSE
434,F,Probable NDE,United States,Probable NDE,english,1,NA,1971-01-01T00:00:00Z,3570,FALSE,FALSE,FALSE,FALSE,FALSE,FALSE,FALSE,FALSE
438,F,NDE,United States,NDE,english,1,NA,NA,3661,TRUE,FALSE,FALSE,TRUE,FALSE,FALSE,FALSE,FALSE
439,F,Possible NDE,United States,Possible NDE,english,4,NA,NA,14799,TRUE,FALSE,TRUE,FALSE,FALSE,FALSE,FALSE,FALSE
445,F,NDE,United States,NDE,english,1,NA,1993-12-18T00:00:00Z,7003,TRUE,FALSE,FALSE,TRUE,FALSE,FALSE,FALSE,FALSE
448,M,NDE,United States,NDE,english,2,NA,1974-08-18T00:00:00Z,6110,FALSE,TRUE,FALSE,TRUE,FALSE,FALSE,FALSE,FALSE
449,F,NDE,United States,NDE,english,1,NA,1983-02-20T00:00:00Z,2674,FALSE,FALSE,FALSE,TRUE,FALSE,FALSE,FALSE,FALSE
452,M,NDE,U,NDE,english,1,NA,2001-09-14T00:00:00Z,4840,FALSE,FALSE,FALSE,FALSE,FALSE,FALSE,FALSE,FALSE
454,F,NDE,United States,NDE,english,1,NA,1968-01-01T00:00:00Z,5563,TRUE,FALSE,TRUE,TRUE,FALSE,TRUE,FALSE,FALSE
455,F,Possible NDE,United States,Possible NDE,english,1,NA,1996-01-18T00:00:00Z,5182,FALSE,FALSE,FALSE,FALSE,FALSE,FALSE,FALSE,FALSE
456,F,NDE,United States,NDE,english,3,NA,NA,14103,FALSE,TRUE,TRUE,TRUE,FALSE,FALSE,FALSE,FALSE
459,F,NDE,United States,NDE,english,1,NA,1992-03-18T00:00:00Z,4515,TRUE,FALSE,FALSE,FALSE,FALSE,FALSE,FALSE,FALSE
463,F,Probable NDE,United States,Probable NDE,english,1,NA,NA,3561,TRUE,FALSE,FALSE,TRUE,TRUE,FALSE,FALSE,FALSE
467,F,NDE,United States,NDE,english,2,NA,1990-03-26T00:00:00Z,3606,TRUE,FALSE,FALSE,TRUE,FALSE,FALSE,FALSE,FALSE
472,F,NDE,United States,NDE,english,1,NA,1964-01-18T00:00:00Z,8344,TRUE,FALSE,FALSE,TRUE,TRUE,FALSE,FALSE,FALSE
477,F,NDE,United States,NDE,english,1,NA,2001-11-18T00:00:00Z,5725,TRUE,TRUE,TRUE,TRUE,FALSE,FALSE,FALSE,FALSE
480,F,NDE,Iowa,NDE,english,0,NA,NA,11309,TRUE,FALSE,FALSE,TRUE,TRUE,FALSE,FALSE,FALSE
483,F,NDE,United States,NDE,english,3,NA,2001-04-23T00:00:00Z,3528,FALSE,TRUE,FALSE,FALSE,FALSE,FALSE,TRUE,FALSE
484,F,NDE,United States,NDE,english,2,2004-01-01T00:00:00Z,1998-11-14T00:00:00Z,5282,TRUE,FALSE,FALSE,TRUE,FALSE,FALSE,FALSE,FALSE
487,F,NDE,Denmark,NDE,english,1,NA,1973-02-18T00:00:00Z,4739,TRUE,FALSE,TRUE,TRUE,FALSE,FALSE,FALSE,FALSE
488,M,NDE,United States,NDE,english,3,NA,NA,24108,TRUE,TRUE,TRUE,TRUE,FALSE,FALSE,FALSE,FALSE
489,F,NDE,United States,NDE,english,2,NA,1973-08-18T00:00:00Z,8931,FALSE,FALSE,FALSE,TRUE,FALSE,FALSE,FALSE,FALSE
490,M,NDE,United States,NDE,english,3,NA,1978-12-18T00:00:00Z,5647,TRUE,FALSE,FALSE,TRUE,TRUE,FALSE,FALSE,FALSE
491,F,NDE,United States,NDE,english,19,2009-08-22T00:00:00Z,1997-02-18T00:00:00Z,15482,TRUE,FALSE,FALSE,TRUE,TRUE,FALSE,FALSE,FALSE
494,F,NDE,United States,NDE,english,3,NA,1985-01-18T00:00:00Z,7354,TRUE,TRUE,FALSE,TRUE,TRUE,FALSE,FALSE,FALSE
502,M,NDE,United States,NDE,english,1,NA,1980-04-18T00:00:00Z,2868,TRUE,FALSE,FALSE,TRUE,TRUE,FALSE,FALSE,FALSE
505,M,NDE,Germany,NDE,english,1,NA,2001-10-12T00:00:00Z,3539,FALSE,FALSE,FALSE,TRUE,FALSE,FALSE,FALSE,FALSE
506,M,NDE,United States,NDE,english,2,NA,1987-12-22T00:00:00Z,6770,FALSE,TRUE,FALSE,TRUE,FALSE,FALSE,FALSE,FALSE
507,F,NDE,United States,NDE,english,4,NA,1982-01-02T00:00:00Z,6780,TRUE,FALSE,FALSE,TRUE,FALSE,TRUE,FALSE,FALSE
514,F,NDE,United States,NDE,english,1,NA,1981-05-18T00:00:00Z,3679,TRUE,FALSE,FALSE,TRUE,FALSE,FALSE,FALSE,FALSE
518,F,NDE,Italy,NDE,english,2,NA,1987-07-15T00:00:00Z,2367,FALSE,FALSE,FALSE,TRUE,FALSE,FALSE,FALSE,FALSE
520,M,Possible NDE,Canada,Possible NDE,english,4,NA,1991-10-18T00:00:00Z,8954,TRUE,TRUE,FALSE,TRUE,FALSE,FALSE,FALSE,FALSE
521,F,NDE,Mexico,NDE,english,2,NA,1973-01-18T00:00:00Z,13677,TRUE,FALSE,FALSE,TRUE,FALSE,FALSE,FALSE,FALSE
525,F,NDE,United States,NDE,english,1,NA,1962-01-18T00:00:00Z,2513,FALSE,TRUE,FALSE,TRUE,FALSE,FALSE,FALSE,FALSE
526,F,NDE,England,NDE,english,3,NA,1969-01-18T00:00:00Z,9789,FALSE,FALSE,FALSE,TRUE,FALSE,FALSE,FALSE,FALSE
527,F,NDE,Australia,NDE,english,2,NA,1989-01-06T00:00:00Z,1714,TRUE,FALSE,FALSE,TRUE,FALSE,FALSE,FALSE,FALSE
531,M,NDE,United States,NDE,english,0,NA,NA,839,FALSE,FALSE,FALSE,TRUE,FALSE,FALSE,FALSE,FALSE
533,F,NDE,United States,NDE,english,4,NA,1998-01-01T00:00:00Z,15581,TRUE,FALSE,TRUE,TRUE,FALSE,FALSE,FALSE,FALSE
537,M,NDE,Oregon,NDE,english,2,NA,2001-02-05T00:00:00Z,1932,FALSE,FALSE,FALSE,TRUE,FALSE,FALSE,FALSE,FALSE
538,F,NDE,United States,NDE,english,4,NA,1978-01-01T00:00:00Z,2856,TRUE,FALSE,FALSE,TRUE,FALSE,TRUE,FALSE,FALSE
539,F,NDE,Australia,NDE,english,3,NA,1989-08-18T00:00:00Z,3759,FALSE,FALSE,FALSE,TRUE,FALSE,FALSE,FALSE,FALSE
543,F,NDE,Australia,NDE,english,4,NA,1988-01-18T00:00:00Z,7425,TRUE,FALSE,FALSE,TRUE,FALSE,TRUE,FALSE,FALSE
549,M,NDE,United States,NDE,english,4,NA,NA,1546,TRUE,FALSE,FALSE,TRUE,FALSE,FALSE,FALSE,FALSE
552,M,NDE,United States,NDE,english,4,NA,1984-01-18T00:00:00Z,9431,TRUE,FALSE,FALSE,TRUE,FALSE,FALSE,FALSE,FALSE
553,F,NDE,United States,NA,english,2,NA,1976-11-30T00:00:00Z,6636,TRUE,FALSE,FALSE,TRUE,FALSE,FALSE,FALSE,FALSE
554,F,NDE,United States,NDE,english,2,NA,1992-05-25T00:00:00Z,6726,TRUE,FALSE,FALSE,TRUE,FALSE,FALSE,FALSE,FALSE
555,F,NDE,United Kingdom,NDE,english,1,NA,1974-01-01T00:00:00Z,5425,FALSE,FALSE,FALSE,TRUE,FALSE,FALSE,FALSE,FALSE
557,F,NDE,England,NDE,english,3,NA,NA,4567,FALSE,FALSE,FALSE,FALSE,FALSE,FALSE,FALSE,FALSE
559,M,NDE,Cyprus,NDE,english,1,2002-05-25T00:00:00Z,1974-11-28T00:00:00Z,4160,TRUE,FALSE,FALSE,TRUE,FALSE,FALSE,FALSE,FALSE
561,M,NDE,Geneva,NDE,english,0,2002-06-04T00:00:00Z,2002-02-26T00:00:00Z,1964,TRUE,FALSE,FALSE,TRUE,FALSE,FALSE,FALSE,FALSE
563,F,NDE,United States,NDE,english,2,2002-06-04T00:00:00Z,NA,9407,TRUE,FALSE,FALSE,TRUE,TRUE,FALSE,TRUE,FALSE
564,F,NDE,hospital,NDE,english,3,2002-06-08T00:00:00Z,1973-05-09T00:00:00Z,1423,TRUE,FALSE,FALSE,TRUE,TRUE,FALSE,FALSE,FALSE
567,M,NDE,United States,NDE,english,3,2002-06-08T00:00:00Z,1984-01-18T00:00:00Z,6515,FALSE,FALSE,FALSE,TRUE,FALSE,FALSE,FALSE,FALSE
568,F,NDE-Like,United States,NDE-Like,english,1,NA,1990-06-19T00:00:00Z,5463,TRUE,FALSE,FALSE,TRUE,FALSE,FALSE,FALSE,FALSE
570,M,NDE,United States,NDE,english,3,2002-04-16T00:00:00Z,1977-01-01T00:00:00Z,7596,TRUE,FALSE,FALSE,FALSE,TRUE,FALSE,FALSE,FALSE
571,F,NDE,United States,NDE,english,2,NA,1992-01-18T00:00:00Z,3017,FALSE,FALSE,FALSE,TRUE,FALSE,FALSE,FALSE,FALSE
572,F,NDE,United States,NDE,english,4,NA,2000-01-01T00:00:00Z,11335,FALSE,FALSE,FALSE,TRUE,FALSE,FALSE,FALSE,FALSE
573,M,NDE,United Kingdom,NDE,english,2,NA,1979-01-18T00:00:00Z,3202,TRUE,FALSE,FALSE,TRUE,FALSE,FALSE,FALSE,FALSE
574,M,NDE,United States,NDE,english,1,NA,1995-11-12T00:00:00Z,2630,TRUE,FALSE,FALSE,TRUE,FALSE,FALSE,FALSE,FALSE
575,F,NDE,Australia,NDE,english,2,NA,1977-01-18T00:00:00Z,4072,FALSE,FALSE,FALSE,FALSE,FALSE,FALSE,FALSE,FALSE
576,M,NDE,Macau,NDE,english,1,NA,1997-01-18T00:00:00Z,1348,TRUE,FALSE,FALSE,FALSE,FALSE,FALSE,FALSE,FALSE
579,M,NDE,NA,NDE,english,0,NA,NA,1149,FALSE,FALSE,FALSE,TRUE,FALSE,FALSE,FALSE,FALSE
580,M,NDE,Costa Rica,NDE,english,1,NA,2001-01-01T00:00:00Z,4889,TRUE,FALSE,FALSE,TRUE,FALSE,FALSE,FALSE,FALSE
581,F,NDE,United States,NDE,english,2,NA,1986-02-04T00:00:00Z,5882,FALSE,TRUE,FALSE,TRUE,FALSE,FALSE,FALSE,FALSE
582,F,NDE,United Kingdom,NDE,english,1,NA,1990-08-02T00:00:00Z,2341,TRUE,FALSE,FALSE,FALSE,FALSE,FALSE,FALSE,FALSE
584,F,NDE,United States,NDE,english,3,NA,2001-05-18T00:00:00Z,1681,FALSE,FALSE,FALSE,TRUE,FALSE,FALSE,FALSE,FALSE
586,M,NDE,United States,NDE,english,4,NA,NA,11645,FALSE,TRUE,FALSE,TRUE,FALSE,FALSE,FALSE,FALSE
587,F,NDE,United States,NDE,english,2,2002-07-23T00:00:00Z,1997-02-13T00:00:00Z,29663,FALSE,TRUE,FALSE,TRUE,FALSE,FALSE,FALSE,FALSE
589,M,NDE,Germany,NDE,english,4,NA,1953-01-01T00:00:00Z,42270,TRUE,FALSE,FALSE,TRUE,FALSE,FALSE,FALSE,TRUE
592,F,NDE,Canada,NDE,english,1,2002-07-29T00:00:00Z,1989-01-18T00:00:00Z,7909,TRUE,FALSE,FALSE,TRUE,FALSE,FALSE,FALSE,FALSE
595,F,NDE,United States,NDE,english,2,2002-07-29T00:00:00Z,2001-01-01T00:00:00Z,11621,FALSE,TRUE,TRUE,TRUE,TRUE,FALSE,FALSE,FALSE
596,M,NDE,United States,NDE,english,3,2002-08-04T00:00:00Z,2002-06-23T00:00:00Z,4280,FALSE,FALSE,FALSE,TRUE,FALSE,FALSE,FALSE,FALSE
597,F,NDE,United States,NDE,english,2,NA,1986-11-21T00:00:00Z,19254,FALSE,FALSE,FALSE,TRUE,TRUE,FALSE,FALSE,FALSE
599,M,NDE,Australia,NDE,english,1,NA,1987-01-01T00:00:00Z,5361,TRUE,FALSE,TRUE,TRUE,FALSE,FALSE,FALSE,FALSE
601,F,NDE,New Zealand,NDE,english,2,NA,1981-01-18T00:00:00Z,4417,TRUE,FALSE,FALSE,TRUE,FALSE,FALSE,FALSE,FALSE
602,F,NDE,United States,NDE,english,2,2002-08-06T00:00:00Z,2000-12-07T00:00:00Z,1752,FALSE,FALSE,FALSE,TRUE,FALSE,FALSE,FALSE,FALSE
606,F,NDE,American Samoa,NDE,english,3,2002-08-24T00:00:00Z,1974-01-18T00:00:00Z,3929,TRUE,TRUE,FALSE,TRUE,FALSE,FALSE,FALSE,FALSE
608,M,NDE,United States,NDE,english,2,NA,2000-01-06T00:00:00Z,3220,FALSE,FALSE,FALSE,TRUE,FALSE,FALSE,FALSE,FALSE
610,F,NDE,United States,NDE,english,2,NA,1995-09-05T00:00:00Z,4531,FALSE,FALSE,FALSE,TRUE,FALSE,FALSE,FALSE,FALSE
611,F,NDE,United States,NDE,english,3,NA,2000-09-11T00:00:00Z,1637,FALSE,FALSE,FALSE,FALSE,FALSE,FALSE,TRUE,FALSE
613,F,NDE,United States,NDE,english,1,NA,1970-01-01T00:00:00Z,3049,FALSE,FALSE,FALSE,TRUE,FALSE,FALSE,FALSE,FALSE
615,M,NDE,United States,NDE,english,0,NA,1998-10-11T00:00:00Z,8320,FALSE,FALSE,TRUE,TRUE,FALSE,FALSE,FALSE,FALSE
616,F,NDE,Sweden,NDE,english,1,2002-10-03T00:00:00Z,1996-01-18T00:00:00Z,5921,TRUE,FALSE,FALSE,TRUE,FALSE,FALSE,FALSE,FALSE
619,M,NDE,United States,NDE,english,4,2002-10-13T00:00:00Z,NA,17507,TRUE,FALSE,FALSE,TRUE,FALSE,FALSE,FALSE,FALSE
620,F,NDE,United States,NDE,english,2,2002-10-13T00:00:00Z,2001-06-16T00:00:00Z,6052,TRUE,FALSE,FALSE,TRUE,FALSE,FALSE,FALSE,FALSE
622,F,NDE,United States,NDE,english,3,NA,1971-08-01T00:00:00Z,15194,TRUE,TRUE,FALSE,FALSE,TRUE,FALSE,FALSE,FALSE
625,F,NDE,United States,NDE,english,2,NA,1997-01-01T00:00:00Z,3167,TRUE,FALSE,FALSE,FALSE,FALSE,FALSE,FALSE,FALSE
626,M,NDE,United States,NDE,english,3,2002-10-21T00:00:00Z,1985-09-05T00:00:00Z,8205,FALSE,FALSE,FALSE,TRUE,FALSE,FALSE,FALSE,FALSE
628,M,NDE,United States,NDE,english,2,NA,2002-10-05T00:00:00Z,7164,TRUE,FALSE,FALSE,TRUE,FALSE,FALSE,FALSE,FALSE
629,F,NDE,Australia,NDE,english,2,2002-10-29T00:00:00Z,1956-11-18T00:00:00Z,2582,TRUE,FALSE,FALSE,TRUE,TRUE,FALSE,FALSE,FALSE
630,F,NDE,Australia,NDE,english,0,NA,1997-03-18T00:00:00Z,3962,TRUE,FALSE,FALSE,TRUE,FALSE,FALSE,FALSE,FALSE
632,M,NDE,United States,NDE,english,3,NA,1965-01-18T00:00:00Z,2677,FALSE,FALSE,FALSE,TRUE,FALSE,FALSE,FALSE,FALSE
635,F,NDE,United States,NDE,english,2,NA,1974-02-18T00:00:00Z,7248,TRUE,FALSE,FALSE,TRUE,TRUE,FALSE,FALSE,FALSE
638,F,NDE,United States,NDE,english,2,NA,1994-09-20T00:00:00Z,26156,FALSE,TRUE,FALSE,TRUE,FALSE,FALSE,TRUE,FALSE
639,F,NDE,United States,NDE,english,1,NA,1972-08-18T00:00:00Z,2647,FALSE,FALSE,FALSE,FALSE,FALSE,FALSE,FALSE,FALSE
643,F,NDE,Taiwan,NDE,english,1,NA,NA,1996,FALSE,FALSE,FALSE,TRUE,FALSE,FALSE,FALSE,FALSE
645,M,NDE,Ghana,NDE,english,4,NA,1980-01-01T00:00:00Z,10949,TRUE,TRUE,FALSE,TRUE,TRUE,TRUE,TRUE,FALSE
648,F,NDE,United States,NDE,english,2,2002-12-07T00:00:00Z,2002-11-08T00:00:00Z,2273,TRUE,FALSE,FALSE,TRUE,TRUE,FALSE,FALSE,FALSE
653,M,NDE,United States,NDE,english,0,NA,1977-12-27T00:00:00Z,1680,TRUE,FALSE,FALSE,TRUE,FALSE,FALSE,FALSE,FALSE
656,M,NDE,Canada,NDE,english,3,NA,2002-02-03T00:00:00Z,6026,TRUE,TRUE,FALSE,TRUE,FALSE,FALSE,FALSE,FALSE
661,M,NDE,Sweden,NDE,english,3,NA,2002-07-14T00:00:00Z,10128,TRUE,FALSE,TRUE,TRUE,FALSE,FALSE,FALSE,FALSE
663,F,NDE,Australia,NDE,english,2,NA,1997-03-18T00:00:00Z,4127,TRUE,FALSE,FALSE,TRUE,TRUE,FALSE,FALSE,FALSE
664,M,NDE,France,NDE,english,1,NA,1975-01-01T00:00:00Z,3290,FALSE,TRUE,FALSE,TRUE,FALSE,FALSE,FALSE,FALSE
665,M,NDE,United States,NDE,english,2,NA,1967-01-01T00:00:00Z,3812,TRUE,FALSE,FALSE,TRUE,FALSE,FALSE,FALSE,FALSE
666,M,NDE,United States,NDE,english,0,NA,1968-01-18T00:00:00Z,4226,FALSE,FALSE,TRUE,TRUE,FALSE,FALSE,FALSE,FALSE
676,F,NDE,France,NDE,fr,2,NA,1989-01-18T00:00:00Z,4528,FALSE,FALSE,FALSE,TRUE,FALSE,FALSE,FALSE,FALSE
677,M,NDE,England,NDE,english,2,NA,1987-09-12T00:00:00Z,9545,TRUE,TRUE,FALSE,TRUE,FALSE,FALSE,FALSE,FALSE
678,F,NDE,United States,NDE,english,3,NA,1981-01-18T00:00:00Z,32288,TRUE,TRUE,FALSE,TRUE,FALSE,TRUE,FALSE,FALSE
679,F,NDE,United States,NDE,english,2,NA,1967-04-18T00:00:00Z,6882,TRUE,FALSE,FALSE,TRUE,FALSE,FALSE,FALSE,FALSE
680,F,NDE,Israel,NDE,english,4,NA,1988-01-18T00:00:00Z,6633,FALSE,FALSE,FALSE,TRUE,FALSE,FALSE,FALSE,FALSE
681,M,NDE,United States,NDE,english,3,NA,NA,3481,TRUE,FALSE,FALSE,TRUE,FALSE,FALSE,FALSE,FALSE
685,M,NDE,United States,NDE,english,2,NA,1983-01-01T00:00:00Z,3062,FALSE,TRUE,FALSE,FALSE,FALSE,FALSE,FALSE,FALSE
686,F,NDE,United States,NDE,english,2,NA,2002-01-01T00:00:00Z,2894,FALSE,FALSE,FALSE,TRUE,FALSE,FALSE,FALSE,FALSE
687,F,NDE,United States,NDE,english,1,NA,1988-01-01T00:00:00Z,4443,FALSE,FALSE,FALSE,TRUE,FALSE,FALSE,FALSE,FALSE
688,M,NDE,Canada,NDE,english,1,NA,1974-01-18T00:00:00Z,2661,FALSE,FALSE,FALSE,TRUE,FALSE,FALSE,FALSE,FALSE
689,F,NDE,United States,NDE,english,3,NA,1986-01-01T00:00:00Z,6281,TRUE,FALSE,FALSE,TRUE,FALSE,FALSE,FALSE,FALSE
690,F,NDE,United States,NDE,english,4,NA,1989-11-27T00:00:00Z,10434,TRUE,FALSE,FALSE,TRUE,FALSE,FALSE,FALSE,FALSE
691,M,NDE,United Kingdom,NDE,english,3,NA,1977-08-16T00:00:00Z,5082,FALSE,TRUE,FALSE,TRUE,FALSE,FALSE,FALSE,FALSE
693,M,NDE,United States,NDE,english,2,NA,1955-01-01T00:00:00Z,5343,TRUE,FALSE,FALSE,TRUE,FALSE,TRUE,TRUE,FALSE
696,M,NDE,Britain,NDE,english,3,NA,NA,0,FALSE,FALSE,TRUE,TRUE,FALSE,FALSE,FALSE,FALSE
697,F,NDE,United States,NDE,english,0,NA,1967-10-18T00:00:00Z,2333,TRUE,FALSE,FALSE,TRUE,FALSE,FALSE,FALSE,FALSE
698,M,NDE,United States,NDE,english,2,NA,1977-04-18T00:00:00Z,4916,TRUE,FALSE,FALSE,TRUE,FALSE,FALSE,FALSE,FALSE
702,M,NDE,United States,NDE,english,3,NA,1966-10-18T00:00:00Z,9671,TRUE,FALSE,FALSE,TRUE,FALSE,FALSE,FALSE,FALSE
703,F,NDE,United States,NDE,english,1,NA,1995-01-01T00:00:00Z,5362,TRUE,FALSE,FALSE,TRUE,FALSE,FALSE,FALSE,FALSE
705,F,FDE,United States,FDE,english,1,NA,NA,1921,FALSE,FALSE,FALSE,FALSE,FALSE,FALSE,FALSE,FALSE
706,F,NDE,United States,NDE,english,1,2003-04-10T00:00:00Z,1968-01-01T00:00:00Z,2555,TRUE,FALSE,FALSE,TRUE,FALSE,FALSE,FALSE,FALSE
707,M,NDE,United States,NDE,english,1,NA,1998-03-27T00:00:00Z,2346,TRUE,FALSE,FALSE,TRUE,FALSE,FALSE,FALSE,FALSE
708,F,NDE,Canada,NDE,english,2,NA,NA,2702,FALSE,FALSE,FALSE,TRUE,FALSE,FALSE,FALSE,FALSE
710,F,NDE,United States,NDE,english,16,NA,NA,8773,FALSE,FALSE,FALSE,TRUE,FALSE,FALSE,FALSE,FALSE
711,F,NDE,Canada,NDE,english,2,2003-03-25T00:00:00Z,1975-01-18T00:00:00Z,4165,FALSE,FALSE,FALSE,TRUE,FALSE,FALSE,FALSE,FALSE
712,M,NDE,England,NDE,english,2,2014-08-15T00:00:00Z,1982-09-18T00:00:00Z,9733,FALSE,FALSE,FALSE,TRUE,FALSE,FALSE,FALSE,FALSE
714,M,NDE,United States,NDE,english,1,NA,1997-01-07T00:00:00Z,9930,TRUE,FALSE,FALSE,TRUE,FALSE,FALSE,FALSE,FALSE
715,M,NDE,United States,NDE,english,3,NA,1952-01-18T00:00:00Z,9164,TRUE,FALSE,FALSE,TRUE,TRUE,FALSE,FALSE,FALSE
716,F,NDE,NA,NDE,english,2,NA,2001-03-05T00:00:00Z,2683,FALSE,FALSE,FALSE,TRUE,FALSE,FALSE,FALSE,FALSE
718,F,NDE,United States,NDE,english,2,NA,1992-09-12T00:00:00Z,1749,FALSE,FALSE,FALSE,TRUE,FALSE,FALSE,FALSE,FALSE
719,M,NDE,United States,NDE,english,1,NA,1975-07-18T00:00:00Z,3238,TRUE,FALSE,FALSE,TRUE,FALSE,FALSE,FALSE,FALSE
720,F,NDE,United States,NDE,english,3,NA,1972-01-18T00:00:00Z,3672,TRUE,FALSE,FALSE,TRUE,FALSE,FALSE,FALSE,FALSE
721,M,NDE,United States,NDE,english,2,NA,1991-09-08T00:00:00Z,3088,FALSE,TRUE,FALSE,TRUE,TRUE,FALSE,FALSE,FALSE
722,M,NDE,United States,NDE,english,4,NA,1989-04-18T00:00:00Z,19827,TRUE,TRUE,FALSE,TRUE,TRUE,FALSE,FALSE,FALSE
723,M,NDE,United States,NDE,english,1,NA,1969-09-12T00:00:00Z,4240,FALSE,FALSE,FALSE,TRUE,FALSE,FALSE,FALSE,FALSE
726,F,NDE,Canada,NDE,english,1,NA,1980-01-01T00:00:00Z,4292,FALSE,FALSE,FALSE,TRUE,FALSE,FALSE,FALSE,FALSE
727,F,NDE,United States,NDE,english,4,2003-04-10T00:00:00Z,2002-11-06T00:00:00Z,11271,TRUE,TRUE,FALSE,TRUE,FALSE,FALSE,FALSE,FALSE
728,M,NDE,Nova Scotia,NDE,english,2,NA,1957-01-18T00:00:00Z,2330,TRUE,FALSE,FALSE,TRUE,FALSE,FALSE,FALSE,FALSE
729,M,NDE,United States,NDE,english,2,NA,1994-07-07T00:00:00Z,2593,TRUE,FALSE,FALSE,TRUE,TRUE,FALSE,FALSE,FALSE
730,F,NDE,United States,NDE,english,3,NA,1967-12-18T00:00:00Z,5987,TRUE,FALSE,FALSE,TRUE,FALSE,FALSE,FALSE,FALSE
731,M,NDE,United States,NDE,english,3,NA,1997-01-22T00:00:00Z,4435,TRUE,FALSE,FALSE,FALSE,FALSE,FALSE,FALSE,FALSE
734,F,NDE,United States,NDE,english,2,2003-04-10T00:00:00Z,1981-01-18T00:00:00Z,4576,TRUE,FALSE,FALSE,TRUE,FALSE,FALSE,FALSE,FALSE
736,F,NDE,United States,NDE,english,1,NA,1972-01-01T00:00:00Z,1824,TRUE,TRUE,FALSE,FALSE,TRUE,FALSE,FALSE,FALSE
737,M,NDE,United States,NDE,english,3,NA,1987-06-18T00:00:00Z,3212,FALSE,FALSE,FALSE,TRUE,TRUE,FALSE,FALSE,FALSE
740,M,NDE,United States,NDE,english,2,NA,1974-01-18T00:00:00Z,5575,TRUE,FALSE,FALSE,TRUE,FALSE,FALSE,FALSE,FALSE
741,M,NDE,United States,NDE,english,3,NA,1999-08-18T00:00:00Z,4515,FALSE,FALSE,TRUE,TRUE,FALSE,FALSE,FALSE,FALSE
743,M,NDE,United States,NDE,english,1,NA,NA,1447,TRUE,TRUE,FALSE,FALSE,FALSE,FALSE,FALSE,FALSE
744,M,NDE,Canada,NDE,english,4,NA,1990-09-03T00:00:00Z,17887,TRUE,FALSE,FALSE,TRUE,TRUE,FALSE,TRUE,TRUE
748,M,NDE,United States,NDE,english,2,NA,1969-05-12T00:00:00Z,12245,TRUE,FALSE,FALSE,TRUE,FALSE,FALSE,TRUE,FALSE
749,F,NDE,United States,NDE,english,2,NA,2003-02-15T00:00:00Z,2506,FALSE,FALSE,FALSE,TRUE,FALSE,FALSE,FALSE,FALSE
751,F,NDE,United States,NDE,english,3,NA,NA,10394,TRUE,TRUE,FALSE,TRUE,TRUE,FALSE,FALSE,FALSE
752,F,NDE,Poland,NDE,english,2,2003-04-19T00:00:00Z,1995-01-01T00:00:00Z,2780,FALSE,FALSE,FALSE,TRUE,FALSE,FALSE,FALSE,FALSE
753,F,NDE,United States,NDE,english,3,NA,1980-04-18T00:00:00Z,5043,FALSE,FALSE,FALSE,TRUE,FALSE,FALSE,FALSE,FALSE
758,M,NDE,United States,NDE,english,0,2003-04-16T00:00:00Z,2001-03-18T00:00:00Z,2903,FALSE,FALSE,FALSE,TRUE,FALSE,FALSE,FALSE,FALSE
759,M,SMR,Ireland,SMR,english,2,NA,1997-01-24T00:00:00Z,6041,TRUE,TRUE,FALSE,FALSE,FALSE,FALSE,FALSE,FALSE
761,F,NDE,United States,NDE,english,1,NA,2003-02-18T00:00:00Z,5302,TRUE,FALSE,FALSE,TRUE,FALSE,FALSE,FALSE,FALSE
762,F,NDE,United States,NDE,english,1,NA,1985-01-01T00:00:00Z,3051,TRUE,FALSE,FALSE,TRUE,TRUE,FALSE,FALSE,FALSE
768,M,NDE,United States,NDE,english,3,NA,1984-04-18T00:00:00Z,17996,TRUE,TRUE,FALSE,TRUE,FALSE,FALSE,FALSE,FALSE
769,M,NDE,Argentina,NDE,english,0,2003-05-11T00:00:00Z,2002-01-01T00:00:00Z,2883,TRUE,FALSE,FALSE,TRUE,TRUE,FALSE,FALSE,FALSE
772,F,NDE,United States,NDE,english,3,NA,NA,3714,TRUE,FALSE,FALSE,TRUE,FALSE,FALSE,FALSE,FALSE
773,F,NDE,United States,NDE,english,3,2003-05-11T00:00:00Z,1990-12-03T00:00:00Z,3194,FALSE,FALSE,FALSE,TRUE,FALSE,FALSE,FALSE,FALSE
774,M,NDE,India,NDE,english,1,NA,1972-12-17T00:00:00Z,6689,FALSE,TRUE,FALSE,TRUE,FALSE,FALSE,FALSE,FALSE
775,F,NDE,Australia,NDE,english,1,NA,2001-08-03T00:00:00Z,2796,FALSE,FALSE,FALSE,TRUE,FALSE,FALSE,FALSE,FALSE
776,M,NDE,United States,NDE,english,14,2004-01-01T00:00:00Z,NA,11505,TRUE,TRUE,FALSE,TRUE,FALSE,FALSE,FALSE,FALSE
779,M,NDE,United States,NDE,english,3,NA,1975-04-25T00:00:00Z,6395,TRUE,FALSE,FALSE,TRUE,FALSE,FALSE,FALSE,FALSE
781,F,NDE,United States,NDE,english,3,NA,2003-01-01T00:00:00Z,3732,TRUE,FALSE,FALSE,TRUE,FALSE,FALSE,FALSE,FALSE
785,M,NDE,Malta,NDE,english,1,NA,1969-01-18T00:00:00Z,6370,TRUE,FALSE,FALSE,TRUE,FALSE,FALSE,FALSE,FALSE
788,M,NDE,United States,NDE,english,0,2002-12-23T00:00:00Z,2001-07-25T00:00:00Z,2477,TRUE,FALSE,FALSE,TRUE,FALSE,FALSE,FALSE,FALSE
789,F,NDE,United States,NDE,english,0,2003-06-14T00:00:00Z,2001-12-11T00:00:00Z,2470,TRUE,FALSE,FALSE,TRUE,FALSE,FALSE,FALSE,FALSE
790,F,NDE,United States,NDE,english,3,NA,2001-09-08T00:00:00Z,3217,TRUE,FALSE,FALSE,TRUE,TRUE,FALSE,FALSE,FALSE
793,M,NDE,United States,NDE,english,1,NA,NA,2702,TRUE,FALSE,FALSE,TRUE,TRUE,FALSE,FALSE,FALSE
794,M,NDE,United States,NDE,english,2,NA,2000-04-12T00:00:00Z,13875,TRUE,FALSE,FALSE,TRUE,FALSE,TRUE,FALSE,TRUE
796,M,NDE,Not Specified,NDE,english,2,NA,2003-05-24T00:00:00Z,1074,FALSE,FALSE,FALSE,TRUE,FALSE,FALSE,FALSE,FALSE
797,M,NDE,United States,NDE,fr,1,NA,1987-07-18T00:00:00Z,5072,FALSE,FALSE,FALSE,TRUE,FALSE,FALSE,FALSE,FALSE
798,F,NDE,United States,NDE,english,0,NA,1990-07-18T00:00:00Z,2790,FALSE,FALSE,FALSE,TRUE,FALSE,FALSE,FALSE,FALSE
799,M,NDE,United States,NDE,english,2,NA,1967-01-01T00:00:00Z,2801,TRUE,TRUE,FALSE,TRUE,FALSE,FALSE,FALSE,FALSE
804,F,NDE,United States,NDE,english,6,NA,1964-01-01T00:00:00Z,5736,FALSE,FALSE,FALSE,FALSE,FALSE,FALSE,FALSE,FALSE
808,F,NDE,United States,NDE,english,2,NA,NA,5701,FALSE,FALSE,FALSE,TRUE,FALSE,FALSE,FALSE,FALSE
810,M,NDE,United States,NDE,english,1,NA,2002-12-23T00:00:00Z,11670,FALSE,FALSE,FALSE,TRUE,FALSE,FALSE,FALSE,FALSE
811,F,NDE,United States,NDE,english,1,2003-08-10T00:00:00Z,2001-12-31T00:00:00Z,2322,TRUE,FALSE,FALSE,TRUE,FALSE,FALSE,FALSE,FALSE
812,M,Possible NDE,United States,Possible NDE,english,0,NA,2003-08-11T00:00:00Z,826,FALSE,FALSE,FALSE,TRUE,FALSE,FALSE,FALSE,FALSE
813,F,NDE,Ireland,NDE,english,2,NA,1992-01-01T00:00:00Z,22027,TRUE,TRUE,FALSE,TRUE,FALSE,FALSE,FALSE,FALSE
814,F,NDE,Australia,NDE,english,2,NA,1998-01-18T00:00:00Z,9609,TRUE,TRUE,FALSE,TRUE,TRUE,FALSE,FALSE,FALSE
816,M,NDE,United Kingdom,NDE,english,1,NA,2002-08-10T00:00:00Z,3248,FALSE,TRUE,FALSE,TRUE,FALSE,FALSE,FALSE,FALSE
818,F,NDE,Canada,NDE,english,0,NA,2000-12-18T00:00:00Z,4538,FALSE,FALSE,FALSE,FALSE,FALSE,FALSE,FALSE,FALSE
819,F,NDE,United States,NDE,english,2,NA,1972-07-18T00:00:00Z,1947,TRUE,FALSE,FALSE,FALSE,FALSE,FALSE,FALSE,FALSE
820,M,NDE,United States,NDE,english,3,NA,1992-11-14T00:00:00Z,17304,TRUE,TRUE,TRUE,TRUE,FALSE,FALSE,FALSE,FALSE
822,F,NDE,Australia,NDE,english,19,NA,NA,13004,FALSE,TRUE,FALSE,TRUE,FALSE,FALSE,FALSE,FALSE
824,M,NDE,Australia,NDE,english,2,2010-05-30T00:00:00Z,1998-07-10T00:00:00Z,2544,FALSE,FALSE,FALSE,TRUE,FALSE,FALSE,FALSE,FALSE
825,M,NDE,Iran,NDE,english,0,NA,1974-09-01T00:00:00Z,475,TRUE,FALSE,FALSE,TRUE,FALSE,FALSE,FALSE,FALSE
826,F,NDE,United States,NDE,english,0,NA,NA,8245,TRUE,FALSE,FALSE,TRUE,FALSE,FALSE,FALSE,FALSE
828,F,NDE,United States,NDE,english,2,NA,1958-12-23T00:00:00Z,3560,TRUE,FALSE,FALSE,TRUE,TRUE,FALSE,FALSE,FALSE
829,F,NDE,United States,NDE,english,1,NA,1987-05-12T00:00:00Z,1421,FALSE,FALSE,FALSE,TRUE,FALSE,FALSE,FALSE,FALSE
831,F,NDE,New Zealand,NDE,english,3,NA,2002-07-10T00:00:00Z,4666,FALSE,TRUE,FALSE,TRUE,FALSE,FALSE,TRUE,FALSE
838,F,Probable NDE,United States,Probable NDE,english,0,NA,1998-09-28T00:00:00Z,732,FALSE,FALSE,FALSE,FALSE,FALSE,FALSE,FALSE,FALSE
839,F,NDE,United States,NDE,english,3,NA,1990-12-18T00:00:00Z,4120,TRUE,FALSE,FALSE,TRUE,TRUE,FALSE,FALSE,FALSE
843,F,NDE,United States,NDE,english,0,NA,NA,8245,TRUE,FALSE,FALSE,TRUE,FALSE,FALSE,FALSE,FALSE
847,F,NDE,Canada,NDE,english,2,NA,2002-01-01T00:00:00Z,2362,TRUE,FALSE,FALSE,TRUE,TRUE,FALSE,FALSE,FALSE
848,F,NDE,United States,NDE,english,2,NA,1997-05-18T00:00:00Z,13031,TRUE,FALSE,FALSE,TRUE,FALSE,FALSE,FALSE,FALSE
850,M,NDE,India,NDE,english,0,NA,1978-07-18T00:00:00Z,3980,TRUE,FALSE,FALSE,TRUE,TRUE,FALSE,FALSE,FALSE
852,F,NDE,Switzerland,NDE,english,2,NA,1980-01-01T00:00:00Z,3352,TRUE,FALSE,FALSE,TRUE,FALSE,FALSE,FALSE,FALSE
854,F,NDE,Philippines,NDE,english,2,NA,1976-09-12T00:00:00Z,4135,TRUE,FALSE,FALSE,TRUE,FALSE,FALSE,FALSE,FALSE
855,F,NDE,Trinidad,NDE,english,2,NA,1998-09-15T00:00:00Z,7555,TRUE,FALSE,FALSE,FALSE,FALSE,TRUE,FALSE,FALSE
856,F,NDE,Canada,NDE,english,3,NA,NA,3330,TRUE,FALSE,FALSE,TRUE,FALSE,FALSE,FALSE,FALSE
859,F,NDE,United States,NDE,english,1,NA,1990-01-18T00:00:00Z,4410,TRUE,FALSE,FALSE,TRUE,FALSE,FALSE,FALSE,FALSE
860,M,NDE,United States,NDE,english,2,2003-12-18T00:00:00Z,1978-01-18T00:00:00Z,3620,FALSE,FALSE,FALSE,TRUE,FALSE,FALSE,FALSE,FALSE
862,M,NDE,France,NDE,français,17,2013-09-15T00:00:00Z,1986-01-01T00:00:00Z,11240,TRUE,TRUE,TRUE,TRUE,FALSE,FALSE,FALSE,FALSE
863,M,NDE,NA,NDE,english,1,NA,2003-02-15T00:00:00Z,2708,TRUE,FALSE,FALSE,TRUE,FALSE,FALSE,FALSE,FALSE
864,F,NDE-Like,India,NDE-Like,english,1,NA,1987-03-18T00:00:00Z,3674,FALSE,FALSE,FALSE,TRUE,FALSE,FALSE,FALSE,FALSE
865,M,NDE,Nederland,NDE,english,0,NA,2002-09-23T00:00:00Z,3030,FALSE,FALSE,FALSE,FALSE,FALSE,FALSE,FALSE,FALSE
867,M,NDE,United States,NDE,english,2,NA,1970-01-01T00:00:00Z,3141,TRUE,FALSE,FALSE,TRUE,FALSE,FALSE,FALSE,FALSE
868,F,NDE,United States,NDE,english,1,NA,1999-01-01T00:00:00Z,8552,TRUE,FALSE,FALSE,TRUE,FALSE,FALSE,FALSE,FALSE
869,F,NDE,United States,NDE,english,1,NA,1979-12-05T00:00:00Z,3470,TRUE,TRUE,FALSE,TRUE,FALSE,FALSE,FALSE,FALSE
871,M,NDE,Belgium,NDE,english,0,NA,2002-01-01T00:00:00Z,1446,FALSE,FALSE,FALSE,TRUE,FALSE,FALSE,FALSE,FALSE
872,F,NDE,United States,NDE,english,2,NA,1983-10-20T00:00:00Z,2335,FALSE,FALSE,FALSE,TRUE,FALSE,FALSE,FALSE,FALSE
877,M,NDE,Sweden,NDE,english,0,NA,NA,3546,TRUE,FALSE,FALSE,TRUE,FALSE,FALSE,FALSE,FALSE
880,M,NDE,New Zealand,NDE,english,1,NA,2003-12-17T00:00:00Z,4396,FALSE,TRUE,TRUE,TRUE,FALSE,FALSE,FALSE,FALSE
883,F,NDE,United States,NDE,english,2,NA,1974-01-01T00:00:00Z,9104,TRUE,FALSE,FALSE,TRUE,TRUE,FALSE,FALSE,FALSE
884,M,NDE,unknown,NDE,english,2,NA,1994-03-09T00:00:00Z,5257,FALSE,FALSE,FALSE,TRUE,FALSE,FALSE,FALSE,FALSE
885,F,NDE,Canada,NDE,english,2,NA,1971-01-01T00:00:00Z,1551,TRUE,FALSE,FALSE,TRUE,FALSE,FALSE,FALSE,FALSE
888,F,NDE,New Zealand,NDE,english,2,NA,1993-01-18T00:00:00Z,3442,TRUE,FALSE,FALSE,TRUE,FALSE,FALSE,FALSE,FALSE
889,F,NDE,United States,NDE,english,3,NA,1976-01-18T00:00:00Z,3028,FALSE,TRUE,FALSE,TRUE,FALSE,FALSE,FALSE,FALSE
892,F,NDE,New Zealand,NDE,english,1,NA,1995-10-18T00:00:00Z,2969,TRUE,FALSE,FALSE,FALSE,FALSE,FALSE,FALSE,FALSE
893,M,NDE,South Korea,NDE,english,0,NA,2003-01-01T00:00:00Z,6690,TRUE,FALSE,TRUE,TRUE,FALSE,FALSE,FALSE,FALSE
894,M,NDE,United States,NDE,english,1,NA,1963-01-18T00:00:00Z,4963,TRUE,FALSE,FALSE,TRUE,FALSE,FALSE,FALSE,FALSE
896,F,NDE,United States,NDE,english,1,NA,1978-05-18T00:00:00Z,3849,FALSE,FALSE,FALSE,TRUE,FALSE,FALSE,FALSE,FALSE
897,F,NDE,United States,NDE,english,1,NA,1980-06-18T00:00:00Z,9385,TRUE,FALSE,FALSE,TRUE,TRUE,FALSE,FALSE,FALSE
898,F,NDE,France,NDE,english,0,NA,1991-01-01T00:00:00Z,8010,FALSE,TRUE,FALSE,TRUE,TRUE,FALSE,FALSE,FALSE
899,F,NDE,United States,NDE,english,20,2013-10-04T00:00:00Z,1968-04-25T00:00:00Z,13039,TRUE,TRUE,FALSE,TRUE,TRUE,TRUE,FALSE,FALSE
900,F,NDE,Wales,NDE,english,3,NA,1980-01-01T00:00:00Z,7816,TRUE,FALSE,FALSE,TRUE,TRUE,FALSE,FALSE,FALSE
902,M,NDE,United States,NDE,english,1,NA,1976-07-18T00:00:00Z,6241,TRUE,FALSE,FALSE,TRUE,FALSE,FALSE,FALSE,FALSE
903,F,NDE,United Kingdom,NDE,english,1,NA,2002-01-18T00:00:00Z,14048,TRUE,FALSE,TRUE,TRUE,FALSE,FALSE,FALSE,FALSE
904,F,NDE,United States,NDE,english,2,NA,2001-01-01T00:00:00Z,3727,FALSE,TRUE,TRUE,TRUE,FALSE,FALSE,FALSE,FALSE
906,F,NDE,Switzerland,NDE,english,3,NA,1981-01-01T00:00:00Z,4349,FALSE,FALSE,FALSE,TRUE,FALSE,FALSE,FALSE,FALSE
909,F,NDE,United States,NDE,english,1,2004-01-26T00:00:00Z,2004-01-20T00:00:00Z,2322,FALSE,FALSE,FALSE,TRUE,FALSE,FALSE,FALSE,FALSE
910,F,NDE,Netherlands,NDE,english,0,NA,2002-07-07T00:00:00Z,2786,FALSE,FALSE,FALSE,FALSE,FALSE,FALSE,FALSE,FALSE
912,F,NDE,United States,NDE,english,NA,NA,NA,17960,FALSE,FALSE,FALSE,FALSE,FALSE,FALSE,FALSE,FALSE
913,F,NDE,United States,NDE,english,1,2004-02-26T00:00:00Z,1994-01-18T00:00:00Z,3115,FALSE,FALSE,FALSE,TRUE,FALSE,FALSE,FALSE,FALSE
916,M,NDE,United States,NDE,english,3,NA,1965-01-18T00:00:00Z,10541,TRUE,FALSE,FALSE,TRUE,TRUE,FALSE,TRUE,FALSE
917,M,NDE,United States,NDE,english,3,1901-06-26T00:00:00Z,2003-11-03T00:00:00Z,5636,TRUE,FALSE,TRUE,TRUE,FALSE,FALSE,FALSE,FALSE
919,M,NDE,France,NDE,english,0,NA,1965-01-18T00:00:00Z,2691,TRUE,FALSE,FALSE,TRUE,FALSE,FALSE,FALSE,FALSE
920,F,NDE,United States,NDE,english,1,NA,1998-09-06T00:00:00Z,3201,FALSE,TRUE,FALSE,TRUE,FALSE,FALSE,FALSE,FALSE
921,M,NDE,United States,NDE,english,1,NA,1972-06-18T00:00:00Z,3825,TRUE,FALSE,FALSE,TRUE,FALSE,FALSE,FALSE,FALSE
922,M,NDE,United States,NDE,english,0,NA,2000-07-18T00:00:00Z,4225,FALSE,FALSE,FALSE,TRUE,FALSE,FALSE,FALSE,FALSE
923,F,NDE,United States,NDE,english,3,NA,1996-09-18T00:00:00Z,10537,FALSE,FALSE,FALSE,TRUE,FALSE,TRUE,FALSE,FALSE
924,M,NDE,United States,NDE,english,3,NA,2004-02-14T00:00:00Z,1629,FALSE,FALSE,FALSE,TRUE,FALSE,FALSE,FALSE,FALSE
928,M,NDE,France,NDE,fr,3,2004-03-22T00:00:00Z,1998-11-26T00:00:00Z,2390,TRUE,FALSE,FALSE,TRUE,FALSE,FALSE,FALSE,FALSE
929,F,NDE,United States,NDE,english,2,NA,2003-08-19T00:00:00Z,4425,FALSE,FALSE,FALSE,TRUE,FALSE,FALSE,FALSE,FALSE
931,F,NDE,Argentina,NDE,english,0,NA,2004-01-01T00:00:00Z,7702,FALSE,FALSE,FALSE,TRUE,FALSE,FALSE,FALSE,FALSE
934,F,NDE,Belgium,NDE,fr,1,NA,1979-01-01T00:00:00Z,2624,FALSE,FALSE,FALSE,TRUE,FALSE,FALSE,FALSE,FALSE
935,F,NDE,France,NDE,english,0,NA,1990-01-01T00:00:00Z,5554,FALSE,FALSE,FALSE,TRUE,TRUE,FALSE,FALSE,FALSE
936,M,NDE,United States,NDE,english,0,NA,1999-01-18T00:00:00Z,2131,TRUE,FALSE,FALSE,TRUE,TRUE,FALSE,FALSE,FALSE
937,F,NDE,United States,NDE,english,4,NA,1990-01-18T00:00:00Z,3594,FALSE,FALSE,FALSE,FALSE,FALSE,FALSE,FALSE,FALSE
938,F,NDE,France,NDE,english,0,NA,1980-01-18T00:00:00Z,5735,FALSE,TRUE,FALSE,TRUE,FALSE,FALSE,FALSE,FALSE
939,M,NDE,France,NDE,english,0,NA,1983-07-18T00:00:00Z,1445,FALSE,FALSE,FALSE,TRUE,FALSE,FALSE,FALSE,FALSE
940,F,NDE,Belgium,NDE,english,0,NA,2004-03-03T00:00:00Z,1331,TRUE,FALSE,FALSE,TRUE,FALSE,FALSE,FALSE,FALSE
944,M,NDE,France,NDE,french,6,2010-03-20T00:00:00Z,2000-01-01T00:00:00Z,10692,FALSE,FALSE,FALSE,TRUE,TRUE,FALSE,FALSE,FALSE
945,F,NDE,United States,NDE,english,1,NA,1977-06-18T00:00:00Z,4878,TRUE,FALSE,FALSE,TRUE,TRUE,FALSE,FALSE,FALSE
947,M,NDE,Australia,NDE,english,1,NA,1983-01-01T00:00:00Z,3120,FALSE,FALSE,TRUE,FALSE,FALSE,FALSE,FALSE,FALSE
949,M,NDE,United States,NDE,english,2,NA,1979-09-16T00:00:00Z,23240,FALSE,FALSE,FALSE,FALSE,FALSE,FALSE,FALSE,FALSE
951,M,NDE,United States,NDE,english,1,NA,1997-01-01T00:00:00Z,2588,FALSE,FALSE,FALSE,TRUE,FALSE,FALSE,FALSE,FALSE
952,M,NDE,Tennessee,NDE,english,3,NA,1976-07-14T00:00:00Z,13274,TRUE,TRUE,FALSE,TRUE,FALSE,FALSE,FALSE,FALSE
954,F,NDE-Like,Canada,NDE-Like,english,0,NA,1989-01-01T00:00:00Z,2444,TRUE,FALSE,FALSE,TRUE,FALSE,FALSE,FALSE,FALSE
957,F,NDE,Canada,NDE,english,2,NA,1977-10-29T00:00:00Z,5466,TRUE,FALSE,FALSE,TRUE,FALSE,FALSE,FALSE,FALSE
958,M,NDE,United States,NDE,english,1,NA,1993-11-18T00:00:00Z,1206,TRUE,FALSE,FALSE,TRUE,FALSE,FALSE,FALSE,FALSE
959,F,NDE,France,NDE,english,0,NA,2003-06-13T00:00:00Z,1713,FALSE,FALSE,FALSE,TRUE,FALSE,FALSE,FALSE,FALSE
960,F,NDE,United States,NDE,english,2,NA,1999-11-21T00:00:00Z,6298,TRUE,FALSE,TRUE,TRUE,FALSE,FALSE,FALSE,FALSE
961,M,NDE,United States,NDE,english,4,NA,2004-01-02T00:00:00Z,8342,TRUE,TRUE,FALSE,TRUE,FALSE,FALSE,TRUE,FALSE
962,F,NDE,Unknown,NDE,english,2,NA,2001-04-05T00:00:00Z,3478,FALSE,FALSE,FALSE,TRUE,FALSE,FALSE,FALSE,FALSE
964,M,NDE,Saudi Arabia,NDE,ar,1,NA,NA,4476,TRUE,FALSE,FALSE,TRUE,FALSE,FALSE,FALSE,FALSE
967,F,NDE-Like,Canada,NDE-Like,english,3,NA,2000-01-09T00:00:00Z,5047,FALSE,FALSE,FALSE,FALSE,FALSE,FALSE,FALSE,FALSE
968,M,NDE,France,NDE,english,0,NA,1991-06-21T00:00:00Z,3469,TRUE,FALSE,FALSE,FALSE,FALSE,FALSE,FALSE,FALSE
971,F,NDE,United States,NDE,english,2,NA,1999-12-17T00:00:00Z,5953,TRUE,FALSE,FALSE,TRUE,FALSE,FALSE,FALSE,FALSE
973,M,NDE,Australia,NDE,english,0,NA,1972-10-18T00:00:00Z,2415,TRUE,FALSE,FALSE,FALSE,FALSE,FALSE,FALSE,FALSE
975,F,NDE,United States,NDE,english,1,NA,1983-07-20T00:00:00Z,5691,FALSE,FALSE,FALSE,FALSE,FALSE,FALSE,FALSE,FALSE
976,F,NDE,Britain,NDE,fr,1,NA,1976-01-01T00:00:00Z,3056,TRUE,TRUE,FALSE,TRUE,FALSE,FALSE,FALSE,FALSE
978,M,NDE,Germany,Secondhand NDE,english,1,NA,2004-05-23T00:00:00Z,1033,TRUE,FALSE,TRUE,TRUE,FALSE,FALSE,FALSE,FALSE
979,F,NDE,United States,NDE,english,1,NA,2000-01-01T00:00:00Z,9181,TRUE,FALSE,FALSE,TRUE,FALSE,FALSE,FALSE,FALSE
980,F,NDE,United States,NDE,english,1,NA,1962-01-01T00:00:00Z,6215,TRUE,FALSE,FALSE,TRUE,FALSE,FALSE,FALSE,FALSE
981,F,NDE,United States,NDE,english,2,NA,1975-01-18T00:00:00Z,3421,FALSE,FALSE,FALSE,TRUE,FALSE,TRUE,FALSE,FALSE
983,F,NDE,United States,NDE,english,0,NA,1957-07-18T00:00:00Z,2664,FALSE,FALSE,FALSE,TRUE,FALSE,FALSE,FALSE,FALSE
984,F,NDE,United States,NDE,english,1,NA,1981-01-18T00:00:00Z,7222,TRUE,FALSE,FALSE,TRUE,FALSE,FALSE,FALSE,FALSE
985,M,NDE,United States,NDE,english,1,NA,2002-03-18T00:00:00Z,4755,TRUE,FALSE,FALSE,TRUE,FALSE,FALSE,FALSE,FALSE
987,M,NDE,United States,NDE,english,2,NA,1991-08-18T00:00:00Z,3823,TRUE,FALSE,FALSE,TRUE,FALSE,FALSE,FALSE,FALSE
990,M,NDE,United States,NDE,english,1,2004-06-13T00:00:00Z,1994-11-04T00:00:00Z,1733,TRUE,FALSE,FALSE,TRUE,FALSE,FALSE,FALSE,FALSE
992,M,NDE,England,NDE,english,2,NA,2003-04-16T00:00:00Z,8210,TRUE,FALSE,FALSE,TRUE,TRUE,FALSE,FALSE,FALSE
996,F,NDE,Bulgaria,NDE,sv,1,NA,1989-01-18T00:00:00Z,16678,FALSE,FALSE,FALSE,TRUE,FALSE,FALSE,FALSE,FALSE
998,M,NDE,United States,NDE,english,4,NA,1998-05-12T00:00:00Z,39490,TRUE,TRUE,TRUE,TRUE,FALSE,FALSE,TRUE,FALSE
999,F,NDE,United States,NDE,english,3,2004-09-18T00:00:00Z,2002-10-07T00:00:00Z,4274,TRUE,FALSE,FALSE,TRUE,FALSE,FALSE,FALSE,FALSE
1000,F,NDE,France,NDE,english,4,NA,1970-01-18T00:00:00Z,3614,TRUE,FALSE,FALSE,TRUE,TRUE,FALSE,FALSE,FALSE
1001,F,NDE-Like,United States,NDE-Like,english,2,NA,1990-01-18T00:00:00Z,4940,TRUE,FALSE,FALSE,TRUE,FALSE,FALSE,FALSE,FALSE
1002,F,NDE,Poland,NDE,english,0,NA,1978-01-01T00:00:00Z,3813,TRUE,FALSE,FALSE,TRUE,FALSE,FALSE,FALSE,FALSE
1005,F,NDE,France,NDE,fr,3,NA,2003-01-01T00:00:00Z,3312,TRUE,FALSE,FALSE,TRUE,FALSE,FALSE,FALSE,FALSE
1006,F,NDE,New Zealand,NDE,english,2,NA,2004-02-02T00:00:00Z,3366,FALSE,FALSE,FALSE,TRUE,FALSE,FALSE,FALSE,FALSE
1008,F,NDE,United States,NDE,english,4,NA,2004-01-01T00:00:00Z,5242,TRUE,FALSE,FALSE,TRUE,TRUE,FALSE,FALSE,FALSE
1012,F,NDE,United States,NDE,english,2,NA,1970-10-03T00:00:00Z,5103,TRUE,FALSE,FALSE,TRUE,TRUE,FALSE,FALSE,FALSE
1019,F,NDE,United States,NDE,english,1,NA,1947-01-01T00:00:00Z,1773,FALSE,FALSE,FALSE,TRUE,FALSE,FALSE,FALSE,FALSE
1023,F,NDE,United States,NDE,english,3,NA,1994-01-01T00:00:00Z,4074,TRUE,FALSE,FALSE,TRUE,TRUE,FALSE,FALSE,FALSE
1026,M,NDE,United States,NDEs,english,4,NA,2004-01-01T00:00:00Z,12861,TRUE,FALSE,FALSE,TRUE,FALSE,FALSE,FALSE,FALSE
1027,F,NDE,Belgium,NDE,nl,1,2004-08-12T00:00:00Z,1996-01-01T00:00:00Z,11338,FALSE,FALSE,FALSE,TRUE,FALSE,FALSE,FALSE,FALSE
1029,M,NDE,United States,NDE,english,2,NA,1981-11-01T00:00:00Z,25974,TRUE,FALSE,FALSE,TRUE,FALSE,FALSE,FALSE,FALSE
1030,F,NDE,United States,NDE,id,3,NA,1969-01-01T00:00:00Z,128082,FALSE,FALSE,FALSE,TRUE,FALSE,TRUE,FALSE,FALSE
1034,M,NDE,Mexico,NDE,english,2,NA,2003-05-03T00:00:00Z,4773,FALSE,FALSE,FALSE,FALSE,FALSE,FALSE,FALSE,FALSE
1035,F,NDE,United States,NDE,english,1,NA,2004-07-29T00:00:00Z,2524,FALSE,FALSE,FALSE,TRUE,FALSE,FALSE,FALSE,FALSE
1036,F,NDE,United States,NDE,english,1,NA,1953-01-18T00:00:00Z,3392,TRUE,FALSE,FALSE,TRUE,FALSE,FALSE,FALSE,FALSE
1037,M,NDE,polska,NDE,english,0,NA,1981-02-02T00:00:00Z,2340,FALSE,TRUE,FALSE,FALSE,FALSE,FALSE,FALSE,FALSE
1038,M,NDE,United States,NDE,english,2,NA,2003-09-10T00:00:00Z,1885,TRUE,FALSE,FALSE,TRUE,FALSE,FALSE,FALSE,FALSE
1039,F,NDE,United States,NDE,english,0,NA,2003-04-25T00:00:00Z,2147,TRUE,FALSE,FALSE,TRUE,FALSE,FALSE,FALSE,FALSE
1041,F,NDE,France,NDE,fr,2,NA,2002-01-01T00:00:00Z,4612,TRUE,FALSE,FALSE,TRUE,TRUE,FALSE,FALSE,FALSE
1049,F,NDE,France,NDE,fr,2,NA,2004-07-21T00:00:00Z,4667,TRUE,FALSE,FALSE,TRUE,FALSE,FALSE,FALSE,FALSE
1054,M,NDE,France,NDE,fr,2,NA,1992-01-18T00:00:00Z,3003,FALSE,FALSE,FALSE,TRUE,FALSE,FALSE,FALSE,FALSE
1060,M,NDE,Venezuela,NDE,es,0,NA,1985-01-01T00:00:00Z,7608,FALSE,FALSE,FALSE,TRUE,FALSE,FALSE,FALSE,FALSE
1061,F,NDE,United States,NDE,english,3,NA,2002-12-27T00:00:00Z,8735,TRUE,FALSE,FALSE,TRUE,FALSE,FALSE,FALSE,FALSE
1062,F,NDE,United States,Secondhand NDE,english,0,NA,2001-07-18T00:00:00Z,2665,FALSE,FALSE,FALSE,TRUE,TRUE,FALSE,FALSE,FALSE
1063,F,NDE,France,NDE,fr,1,NA,1985-01-18T00:00:00Z,2967,TRUE,TRUE,FALSE,TRUE,TRUE,FALSE,FALSE,FALSE
1065,F,NDE,United States,NDE,english,2,NA,1999-01-01T00:00:00Z,1994,FALSE,FALSE,FALSE,TRUE,FALSE,FALSE,FALSE,FALSE
1066,F,NDE,United States,NDE,english,2,NA,2004-05-06T00:00:00Z,2756,FALSE,FALSE,FALSE,TRUE,FALSE,FALSE,FALSE,FALSE
1067,F,NDE,United States,NDE,english,2,NA,1967-05-29T00:00:00Z,7359,FALSE,FALSE,FALSE,TRUE,FALSE,FALSE,FALSE,FALSE
1070,M,NDE,NA,NDE,english,0,2005-02-18T00:00:00Z,NA,1248,FALSE,FALSE,FALSE,TRUE,FALSE,FALSE,FALSE,FALSE
1071,F,NDE,United States,NDE,english,1,NA,2000-02-05T00:00:00Z,5239,TRUE,FALSE,FALSE,TRUE,FALSE,FALSE,FALSE,FALSE
1072,F,NDE,United States,NDE,english,1,NA,1972-01-01T00:00:00Z,3924,TRUE,FALSE,FALSE,TRUE,TRUE,FALSE,FALSE,FALSE
1074,M,NDE,United States,NDE,english,1,NA,1957-01-01T00:00:00Z,3756,TRUE,FALSE,FALSE,TRUE,FALSE,TRUE,FALSE,FALSE
1076,M,NDE,United States,NDE,english,3,NA,1949-01-18T00:00:00Z,1175,FALSE,FALSE,FALSE,TRUE,FALSE,FALSE,FALSE,FALSE
1077,M,NDE,United States,NDE,english,1,NA,1962-06-18T00:00:00Z,2402,FALSE,FALSE,FALSE,TRUE,FALSE,FALSE,FALSE,FALSE
1078,F,NDE,United States,NDE,english,2,NA,1998-05-18T00:00:00Z,3240,FALSE,TRUE,FALSE,TRUE,FALSE,FALSE,FALSE,FALSE
1079,F,NDE,unknown,NDE,fr,2,NA,NA,6629,FALSE,FALSE,FALSE,FALSE,FALSE,FALSE,TRUE,FALSE
1083,F,NDE-Like,Belgium,NDE-Like,nl,0,NA,2002-11-07T00:00:00Z,4431,FALSE,TRUE,FALSE,TRUE,FALSE,FALSE,FALSE,FALSE
1084,F,NDE,United States,NDE,english,2,NA,2001-01-01T00:00:00Z,4288,TRUE,FALSE,TRUE,TRUE,TRUE,FALSE,FALSE,FALSE
1085,M,NDE,Jerusalem,NDE,ar,0,NA,1979-01-18T00:00:00Z,1952,TRUE,FALSE,FALSE,TRUE,TRUE,TRUE,FALSE,FALSE
1086,F,NDE,France,NDE,fr,3,NA,1993-01-18T00:00:00Z,3123,TRUE,FALSE,FALSE,FALSE,FALSE,FALSE,FALSE,FALSE
1087,M,NDE,France,NDE,fr,0,NA,2004-01-01T00:00:00Z,1155,FALSE,FALSE,FALSE,TRUE,FALSE,FALSE,FALSE,FALSE
1088,M,NDE,France,NDE,fr,1,NA,1988-05-09T00:00:00Z,5374,TRUE,FALSE,FALSE,TRUE,FALSE,FALSE,FALSE,FALSE
1089,M,NDE,Poland,NDE,english,0,NA,1998-09-18T00:00:00Z,3400,FALSE,FALSE,FALSE,FALSE,FALSE,FALSE,FALSE,FALSE
1094,F,NDE,Switzerland,NDE,fr,1,NA,1981-01-18T00:00:00Z,2209,TRUE,FALSE,FALSE,TRUE,FALSE,FALSE,FALSE,FALSE
1096,M,NDE,Argentina,NDE,es,3,NA,2000-01-06T00:00:00Z,5200,TRUE,FALSE,TRUE,TRUE,FALSE,FALSE,FALSE,FALSE
1097,F,NDE,Norway,NDE,es,1,NA,2002-01-01T00:00:00Z,6621,FALSE,FALSE,FALSE,TRUE,FALSE,FALSE,FALSE,FALSE
1098,F,NDE,South Korea,NDE,english,0,NA,2001-09-20T00:00:00Z,2301,FALSE,FALSE,FALSE,TRUE,FALSE,FALSE,FALSE,FALSE
1099,F,NDE,Argentina,NDE,es,2,NA,1964-01-18T00:00:00Z,3987,FALSE,FALSE,FALSE,TRUE,FALSE,FALSE,FALSE,FALSE
1100,M,NDE,France,NDE,fr,3,NA,1997-04-30T00:00:00Z,1663,FALSE,FALSE,FALSE,TRUE,FALSE,FALSE,FALSE,FALSE
1109,M,NDE,Egypt,NDE,ar,1,NA,1994-01-18T00:00:00Z,1378,FALSE,FALSE,FALSE,FALSE,FALSE,FALSE,FALSE,FALSE
1113,M,NDE,Cuba,NDE,es,1,NA,1970-01-18T00:00:00Z,2146,TRUE,FALSE,FALSE,TRUE,FALSE,FALSE,FALSE,FALSE
1114,F,NDE,Canada,NDE,fr,0,2005-04-03T00:00:00Z,NA,2294,FALSE,FALSE,FALSE,TRUE,FALSE,FALSE,FALSE,FALSE
1115,F,NDE,Sweden,NDE,sv,1,NA,NA,2179,TRUE,FALSE,FALSE,TRUE,FALSE,FALSE,FALSE,FALSE
1117,M,NDE,France,NDE,fr,2,NA,1998-10-07T00:00:00Z,21002,FALSE,TRUE,FALSE,TRUE,TRUE,FALSE,FALSE,FALSE
1118,F,NDE,France,NDE,english,0,NA,1991-01-01T00:00:00Z,8010,FALSE,TRUE,FALSE,TRUE,TRUE,FALSE,FALSE,FALSE
2117,M,NDE,United States,NDE,english,16,NA,1998-09-18T00:00:00Z,5944,TRUE,TRUE,FALSE,TRUE,FALSE,FALSE,FALSE,FALSE
2463,M,NDE,United States,NDE,english,21,2006-01-15T00:00:00Z,1971-01-18T00:00:00Z,3666,FALSE,TRUE,FALSE,TRUE,FALSE,FALSE,FALSE,FALSE
2504,F,NDE,Philippines,NDE,english,19,2006-02-22T00:00:00Z,NA,10812,TRUE,FALSE,FALSE,TRUE,TRUE,FALSE,FALSE,FALSE
2511,F,Probable NDE,United States,Probable NDE,english,9,2006-03-02T00:00:00Z,2004-08-03T00:00:00Z,3732,FALSE,FALSE,FALSE,TRUE,FALSE,FALSE,FALSE,FALSE
2757,M,NDE,Brazil,NDE,portuguese,11,2006-08-03T00:00:00Z,NA,1070,TRUE,FALSE,FALSE,FALSE,FALSE,FALSE,FALSE,FALSE
2980,F,NDE,Austria,NDEs,english,2,NA,NA,34687,FALSE,FALSE,FALSE,TRUE,FALSE,FALSE,FALSE,FALSE
3207,F,NDE,United States,NDE,english,21,2007-07-27T00:00:00Z,1974-05-27T00:00:00Z,2977,TRUE,FALSE,FALSE,TRUE,FALSE,FALSE,FALSE,FALSE
3230,M,NDE,United States,NDE,english,5,2007-07-27T00:00:00Z,2006-04-08T00:00:00Z,2395,FALSE,FALSE,FALSE,TRUE,FALSE,FALSE,FALSE,FALSE
3358,F,Probable NDE,Mexico,Probable NDE,spanish,19,2007-11-07T00:00:00Z,1982-01-01T00:00:00Z,4222,TRUE,FALSE,FALSE,TRUE,FALSE,FALSE,FALSE,FALSE
3371,M,NDE,United States,NDE,english,5,2007-11-12T00:00:00Z,2007-10-15T00:00:00Z,3520,TRUE,FALSE,FALSE,TRUE,FALSE,FALSE,FALSE,FALSE
3980,M,NDE,Switzerland,NDE,french,7,2009-05-08T00:00:00Z,1977-01-18T00:00:00Z,2450,TRUE,FALSE,FALSE,TRUE,TRUE,FALSE,FALSE,FALSE
4237,M,NDE,India,NDE,english,19,2009-12-31T00:00:00Z,1969-12-18T00:00:00Z,2748,TRUE,FALSE,FALSE,TRUE,FALSE,FALSE,FALSE,FALSE
4469,M,NDE,United States,NDE,english,9,2010-02-15T00:00:00Z,1988-01-18T00:00:00Z,6166,FALSE,FALSE,FALSE,FALSE,FALSE,FALSE,FALSE,FALSE
4576,F,NDE,United States,NDE,english,14,2010-03-27T00:00:00Z,NA,6097,TRUE,FALSE,FALSE,TRUE,FALSE,FALSE,FALSE,FALSE
4612,M,NDE,Canada,NDE,english,8,2010-05-16T00:00:00Z,2008-02-02T00:00:00Z,10822,FALSE,FALSE,FALSE,TRUE,FALSE,FALSE,FALSE,FALSE
4761,M,NDE,United States,NDE,english,12,2010-08-08T00:00:00Z,2008-10-28T00:00:00Z,16563,TRUE,FALSE,FALSE,TRUE,FALSE,FALSE,FALSE,FALSE
5107,M,NDE,Australia,NDE,english,8,2011-03-26T00:00:00Z,2006-06-18T00:00:00Z,3982,FALSE,FALSE,FALSE,TRUE,FALSE,FALSE,FALSE,FALSE
5428,F,Probable NDE,Germany,Probable NDE,german,15,2012-09-28T00:00:00Z,1992-01-01T00:00:00Z,9143,FALSE,FALSE,FALSE,TRUE,FALSE,FALSE,FALSE,FALSE
6170,M,Probable NDE,Canada,Probable NDE,english,13,2012-01-13T00:00:00Z,1962-01-01T00:00:00Z,3025,FALSE,FALSE,FALSE,TRUE,FALSE,FALSE,FALSE,FALSE
6387,F,Probable NDE,United States,Probable NDE,english,15,2012-08-20T00:00:00Z,1962-11-18T00:00:00Z,10584,FALSE,TRUE,FALSE,FALSE,FALSE,FALSE,FALSE,FALSE
6553,F,Probable NDE,Kentucky,Probable NDE,english,17,2013-01-04T00:00:00Z,2012-01-18T00:00:00Z,9712,TRUE,FALSE,FALSE,TRUE,FALSE,FALSE,FALSE,FALSE
6672,F,NDE,South Africa,NDE,english,23,2013-04-05T00:00:00Z,1986-06-18T00:00:00Z,6638,TRUE,FALSE,FALSE,TRUE,TRUE,FALSE,FALSE,FALSE
6810,F,Probable NDE,United States,Probable NDE,english,15,2013-07-20T00:00:00Z,2000-10-18T00:00:00Z,6925,FALSE,FALSE,FALSE,TRUE,FALSE,FALSE,FALSE,FALSE
7284,F,SDE,United States,Shared NDE,english,14,2014-06-27T00:00:00Z,2009-02-18T00:00:00Z,8150,FALSE,FALSE,FALSE,FALSE,FALSE,FALSE,FALSE,FALSE
7816,M,NDE,United States,NDE,english,9,2015-10-21T00:00:00Z,1997-10-10T00:00:00Z,4911,TRUE,FALSE,FALSE,TRUE,FALSE,FALSE,FALSE,FALSE
7831,M,Possible NDE,Australia,Possible NDE,english,8,2015-11-07T00:00:00Z,2008-03-12T00:00:00Z,5794,TRUE,FALSE,TRUE,TRUE,FALSE,FALSE,FALSE,FALSE
8157,F,NDE,United States,NDE,english,13,2016-12-06T00:00:00Z,2014-12-10T00:00:00Z,4979,TRUE,FALSE,FALSE,TRUE,FALSE,FALSE,FALSE,FALSE
8469,F,NDE,Spain,NDE,español,12,2017-12-17T00:00:00Z,1999-01-27T00:00:00Z,5932,FALSE,FALSE,FALSE,TRUE,FALSE,FALSE,FALSE,FALSE
8508,F,NDE,United States,NDE,english,16,2018-02-11T00:00:00Z,1994-06-08T00:00:00Z,4949,TRUE,FALSE,FALSE,TRUE,TRUE,FALSE,FALSE,FALSE
8518,F,Probable NDE,United States,Probable NDE,english,10,2018-02-22T00:00:00Z,1966-01-01T00:00:00Z,4212,FALSE,FALSE,FALSE,TRUE,FALSE,FALSE,FALSE,FALSE
8718,M,NDE,United States,NDE,english,15,2019-01-02T00:00:00Z,1976-01-18T00:00:00Z,13009,TRUE,FALSE,FALSE,TRUE,TRUE,FALSE,FALSE,FALSE
8780,F,NDE,Spain,NDE,español,19,2019-04-18T00:00:00Z,2009-07-09T00:00:00Z,12347,FALSE,TRUE,TRUE,TRUE,FALSE,FALSE,FALSE,FALSE
9039,F,Probable NDE,Norway,Probable NDE,english,11,2020-08-01T00:00:00Z,2011-01-06T00:00:00Z,3780,TRUE,FALSE,FALSE,TRUE,FALSE,FALSE,FALSE,FALSE
9097,F,NDE,Belgium,NDEs,nederlands,21,2020-11-27T00:00:00Z,1995-01-18T00:00:00Z,9991,TRUE,TRUE,TRUE,TRUE,FALSE,FALSE,FALSE,FALSE
9145,F,Probable NDE,Ukraine,Probable NDE,english,15,2021-02-16T00:00:00Z,1991-01-18T00:00:00Z,4811,FALSE,TRUE,FALSE,FALSE,FALSE,FALSE,FALSE,FALSE
9175,M,NDE,Dominican Republic,NDE;Other,english,24,2021-04-01T00:00:00Z,2001-03-11T00:00:00Z,7375,FALSE,TRUE,FALSE,TRUE,FALSE,FALSE,FALSE,FALSE
9198,F,Probable NDE,Australia,Probable NDE,english,23,2021-04-27T00:00:00Z,2020-01-07T00:00:00Z,5177,TRUE,FALSE,FALSE,TRUE,FALSE,FALSE,FALSE,FALSE
9209,F,Probable NDE,United States,Probable NDE,english,19,2021-05-23T00:00:00Z,2020-07-18T00:00:00Z,9029,FALSE,FALSE,TRUE,TRUE,FALSE,FALSE,FALSE,FALSE
9267,F,NDE,United States,NDE,english,27,2021-09-02T00:00:00Z,2004-01-18T00:00:00Z,3346,TRUE,FALSE,FALSE,TRUE,FALSE,FALSE,FALSE,FALSE
9301,F,NDE-Like;NDE,United States,SOBE;NDE-like,english,22,NA,NA,21539,TRUE,TRUE,FALSE,TRUE,FALSE,FALSE,FALSE,FALSE
9334,F,NDE,United States,NDE,english,19,2022-01-17T00:00:00Z,2021-08-06T00:00:00Z,10931,TRUE,TRUE,FALSE,TRUE,FALSE,TRUE,FALSE,FALSE
9640,F,NDE,United States,Second-Person NDE,english,13,2023-08-29T00:00:00Z,1987-01-18T00:00:00Z,4354,TRUE,FALSE,FALSE,TRUE,TRUE,FALSE,FALSE,FALSE
9819,F,NDE,United States,NDE,english,25,2024-02-12T00:28:10Z,2008-05-25T00:00:00Z,9728,FALSE,TRUE,FALSE,TRUE,FALSE,FALSE,FALSE,FALSE
9830,M,NDE,United States,NDE,english,5,2024-02-25T20:09:07Z,1973-07-28T00:00:00Z,6588,FALSE,FALSE,FALSE,TRUE,FALSE,FALSE,FALSE,FALSE
9982,M,NDE,United States,NDE,english,23,2024-06-30T02:42:10Z,2024-06-24T00:00:00Z,15701,TRUE,TRUE,FALSE,TRUE,TRUE,FALSE,FALSE,FALSE
10034,F,NDE,England,NDE,english,0,1999-02-09T00:00:00Z,NA,8943,TRUE,TRUE,FALSE,TRUE,TRUE,FALSE,FALSE,FALSE
